HOG	OG	Gene Tree Parent Clade	A_granulata_2	B_glabrata_2	C_virginica_2	H_robusta_2	L_gigantea_2	O_bimaculoides_2	P_fucata_2	S_constricta_2
N2.HOG0000000	OG0000000	n3								S_constricta|evm.model.ctg599.11
N2.HOG0000001	OG0000000	n10		B_glabrata|XP_013090931.1					P_fucata|Pma_10011348	
N2.HOG0000002	OG0000000	n12		B_glabrata|XP_013066259.1, B_glabrata|XP_013093167.1			L_gigantea|XP_009065493.1			
N2.HOG0000003	OG0000000	n16					L_gigantea|XP_009045323.1			S_constricta|evm.model.ctg227.23
N2.HOG0000004	OG0000001	n0					L_gigantea|XP_009043935.1, L_gigantea|XP_009043942.1, L_gigantea|XP_009044144.1, L_gigantea|XP_009044598.1, L_gigantea|XP_009044599.1, L_gigantea|XP_009044603.1, L_gigantea|XP_009044604.1, L_gigantea|XP_009044746.1, L_gigantea|XP_009044787.1, L_gigantea|XP_009044792.1, L_gigantea|XP_009044828.1, L_gigantea|XP_009044923.1, L_gigantea|XP_009044936.1, L_gigantea|XP_009045033.1, L_gigantea|XP_009045051.1, L_gigantea|XP_009045099.1, L_gigantea|XP_009045181.1, L_gigantea|XP_009045829.1, L_gigantea|XP_009045835.1, L_gigantea|XP_009045863.1, L_gigantea|XP_009046051.1, L_gigantea|XP_009046231.1, L_gigantea|XP_009046304.1, L_gigantea|XP_009046306.1, L_gigantea|XP_009046891.1, L_gigantea|XP_009047006.1, L_gigantea|XP_009047210.1, L_gigantea|XP_009047223.1, L_gigantea|XP_009047235.1, L_gigantea|XP_009047249.1, L_gigantea|XP_009047252.1, L_gigantea|XP_009047262.1, L_gigantea|XP_009047266.1, L_gigantea|XP_009047276.1, L_gigantea|XP_009047315.1, L_gigantea|XP_009047439.1, L_gigantea|XP_009047542.1, L_gigantea|XP_009047720.1, L_gigantea|XP_009047801.1, L_gigantea|XP_009047983.1, L_gigantea|XP_009047988.1, L_gigantea|XP_009048083.1, L_gigantea|XP_009048313.1, L_gigantea|XP_009048491.1, L_gigantea|XP_009048492.1, L_gigantea|XP_009048974.1, L_gigantea|XP_009049079.1, L_gigantea|XP_009049108.1, L_gigantea|XP_009049151.1, L_gigantea|XP_009049152.1, L_gigantea|XP_009049348.1, L_gigantea|XP_009049353.1, L_gigantea|XP_009049456.1, L_gigantea|XP_009049662.1, L_gigantea|XP_009049664.1, L_gigantea|XP_009049815.1, L_gigantea|XP_009049820.1, L_gigantea|XP_009049821.1, L_gigantea|XP_009049830.1, L_gigantea|XP_009049831.1, L_gigantea|XP_009049862.1, L_gigantea|XP_009049866.1, L_gigantea|XP_009049978.1, L_gigantea|XP_009049980.1, L_gigantea|XP_009049994.1, L_gigantea|XP_009049995.1, L_gigantea|XP_009050051.1, L_gigantea|XP_009050056.1, L_gigantea|XP_009050057.1, L_gigantea|XP_009050061.1, L_gigantea|XP_009050094.1, L_gigantea|XP_009050106.1, L_gigantea|XP_009050112.1, L_gigantea|XP_009050119.1, L_gigantea|XP_009050290.1, L_gigantea|XP_009050401.1, L_gigantea|XP_009050532.1, L_gigantea|XP_009050858.1, L_gigantea|XP_009051204.1, L_gigantea|XP_009051205.1, L_gigantea|XP_009051298.1, L_gigantea|XP_009051520.1, L_gigantea|XP_009051962.1, L_gigantea|XP_009052091.1, L_gigantea|XP_009052093.1, L_gigantea|XP_009052126.1, L_gigantea|XP_009052136.1, L_gigantea|XP_009052142.1, L_gigantea|XP_009052147.1, L_gigantea|XP_009052148.1, L_gigantea|XP_009052570.1, L_gigantea|XP_009052598.1, L_gigantea|XP_009052961.1, L_gigantea|XP_009053175.1, L_gigantea|XP_009053180.1, L_gigantea|XP_009053217.1, L_gigantea|XP_009053227.1, L_gigantea|XP_009053316.1, L_gigantea|XP_009053317.1, L_gigantea|XP_009053323.1, L_gigantea|XP_009053329.1, L_gigantea|XP_009053385.1, L_gigantea|XP_009053397.1, L_gigantea|XP_009053774.1, L_gigantea|XP_009054120.1, L_gigantea|XP_009054382.1, L_gigantea|XP_009054423.1, L_gigantea|XP_009054475.1, L_gigantea|XP_009054483.1, L_gigantea|XP_009054489.1, L_gigantea|XP_009054530.1, L_gigantea|XP_009054887.1, L_gigantea|XP_009054888.1, L_gigantea|XP_009054915.1, L_gigantea|XP_009054926.1, L_gigantea|XP_009054930.1, L_gigantea|XP_009055340.1, L_gigantea|XP_009055343.1, L_gigantea|XP_009055534.1, L_gigantea|XP_009055535.1, L_gigantea|XP_009055635.1, L_gigantea|XP_009055863.1, L_gigantea|XP_009055967.1, L_gigantea|XP_009055968.1, L_gigantea|XP_009055994.1, L_gigantea|XP_009056103.1, L_gigantea|XP_009056154.1, L_gigantea|XP_009056160.1, L_gigantea|XP_009056172.1, L_gigantea|XP_009056173.1, L_gigantea|XP_009056178.1, L_gigantea|XP_009056210.1, L_gigantea|XP_009056211.1, L_gigantea|XP_009056243.1, L_gigantea|XP_009056404.1, L_gigantea|XP_009056410.1, L_gigantea|XP_009056583.1, L_gigantea|XP_009056864.1, L_gigantea|XP_009056869.1, L_gigantea|XP_009056875.1, L_gigantea|XP_009056881.1, L_gigantea|XP_009057063.1, L_gigantea|XP_009057106.1, L_gigantea|XP_009057154.1, L_gigantea|XP_009057158.1, L_gigantea|XP_009057491.1, L_gigantea|XP_009057507.1, L_gigantea|XP_009057510.1, L_gigantea|XP_009057511.1, L_gigantea|XP_009057512.1, L_gigantea|XP_009057513.1, L_gigantea|XP_009057517.1, L_gigantea|XP_009057530.1, L_gigantea|XP_009057536.1, L_gigantea|XP_009057547.1, L_gigantea|XP_009057554.1, L_gigantea|XP_009057560.1, L_gigantea|XP_009057567.1, L_gigantea|XP_009057571.1, L_gigantea|XP_009057974.1, L_gigantea|XP_009058153.1, L_gigantea|XP_009058170.1, L_gigantea|XP_009058188.1, L_gigantea|XP_009058203.1, L_gigantea|XP_009058381.1, L_gigantea|XP_009058417.1, L_gigantea|XP_009058421.1, L_gigantea|XP_009058428.1, L_gigantea|XP_009058526.1, L_gigantea|XP_009058534.1, L_gigantea|XP_009058542.1, L_gigantea|XP_009058547.1, L_gigantea|XP_009058551.1, L_gigantea|XP_009058581.1, L_gigantea|XP_009058837.1, L_gigantea|XP_009059022.1, L_gigantea|XP_009059282.1, L_gigantea|XP_009059283.1, L_gigantea|XP_009059343.1, L_gigantea|XP_009060426.1, L_gigantea|XP_009060427.1, L_gigantea|XP_009060435.1, L_gigantea|XP_009060436.1, L_gigantea|XP_009060500.1, L_gigantea|XP_009060511.1, L_gigantea|XP_009060587.1, L_gigantea|XP_009060608.1, L_gigantea|XP_009060611.1, L_gigantea|XP_009060615.1, L_gigantea|XP_009060616.1, L_gigantea|XP_009060628.1, L_gigantea|XP_009060636.1, L_gigantea|XP_009060637.1, L_gigantea|XP_009060645.1, L_gigantea|XP_009060656.1, L_gigantea|XP_009060671.1, L_gigantea|XP_009060716.1, L_gigantea|XP_009060726.1, L_gigantea|XP_009060763.1, L_gigantea|XP_009060772.1, L_gigantea|XP_009060775.1, L_gigantea|XP_009060776.1, L_gigantea|XP_009060841.1, L_gigantea|XP_009060854.1, L_gigantea|XP_009061090.1, L_gigantea|XP_009061252.1, L_gigantea|XP_009061271.1, L_gigantea|XP_009061312.1, L_gigantea|XP_009061527.1, L_gigantea|XP_009061677.1, L_gigantea|XP_009061829.1, L_gigantea|XP_009061847.1, L_gigantea|XP_009061867.1, L_gigantea|XP_009061868.1, L_gigantea|XP_009061916.1, L_gigantea|XP_009062038.1, L_gigantea|XP_009062270.1, L_gigantea|XP_009062434.1, L_gigantea|XP_009062676.1, L_gigantea|XP_009062843.1, L_gigantea|XP_009063059.1, L_gigantea|XP_009063079.1, L_gigantea|XP_009063143.1, L_gigantea|XP_009063378.1, L_gigantea|XP_009063454.1, L_gigantea|XP_009063599.1, L_gigantea|XP_009063691.1, L_gigantea|XP_009063727.1, L_gigantea|XP_009063728.1, L_gigantea|XP_009063743.1, L_gigantea|XP_009063756.1, L_gigantea|XP_009063790.1, L_gigantea|XP_009063803.1, L_gigantea|XP_009063934.1, L_gigantea|XP_009064195.1, L_gigantea|XP_009064196.1, L_gigantea|XP_009064242.1, L_gigantea|XP_009064279.1, L_gigantea|XP_009064528.1, L_gigantea|XP_009064570.1, L_gigantea|XP_009064623.1, L_gigantea|XP_009064679.1, L_gigantea|XP_009064683.1, L_gigantea|XP_009065069.1, L_gigantea|XP_009065311.1, L_gigantea|XP_009065312.1, L_gigantea|XP_009065508.1, L_gigantea|XP_009065513.1, L_gigantea|XP_009065552.1, L_gigantea|XP_009065553.1, L_gigantea|XP_009065831.1, L_gigantea|XP_009065905.1, L_gigantea|XP_009065913.1, L_gigantea|XP_009066401.1, L_gigantea|XP_009066642.1, L_gigantea|XP_009066693.1, L_gigantea|XP_009066797.1, L_gigantea|XP_009067060.1, L_gigantea|XP_009067362.1			
N2.HOG0000005	OG0000003	n1					L_gigantea|XP_009065411.1			
N2.HOG0000006	OG0000003	n4	A_granulata|model.g26226.t1_1		C_virginica|XP_022337452.1				P_fucata|Pma_10016768, P_fucata|Pma_10018667, P_fucata|Pma_10019567, P_fucata|Pma_10026084	S_constricta|evm.model.ctg805.3
N2.HOG0000007	OG0000003	n11	A_granulata|model.g9167.t1_1				L_gigantea|XP_009061655.1, L_gigantea|XP_009061656.1			
N2.HOG0000008	OG0000003	n18			C_virginica|XP_022296188.1, C_virginica|XP_022296221.1, C_virginica|XP_022301452.1, C_virginica|XP_022305689.1, C_virginica|XP_022309521.1, C_virginica|XP_022328732.1, C_virginica|XP_022328733.1, C_virginica|XP_022330423.1, C_virginica|XP_022333686.1, C_virginica|XP_022333687.1, C_virginica|XP_022333990.1, C_virginica|XP_022333991.1, C_virginica|XP_022335114.1, C_virginica|XP_022335146.1, C_virginica|XP_022339384.1				P_fucata|Pma_10005546, P_fucata|Pma_10010620, P_fucata|Pma_10026467, P_fucata|Pma_10026468, P_fucata|Pma_10029768	S_constricta|evm.model.ctg1215.4, S_constricta|evm.model.ctg125.7, S_constricta|evm.model.ctg171.2, S_constricta|evm.model.ctg189.102, S_constricta|evm.model.ctg360.4, S_constricta|evm.model.ctg367.16, S_constricta|evm.model.ctg367.17, S_constricta|evm.model.ctg6522.1
N2.HOG0000009	OG0000003	n46							P_fucata|Pma_10013537, P_fucata|Pma_10022917	
N2.HOG0000010	OG0000003	n48	A_granulata|model.g8281.t1_1						P_fucata|Pma_10006800	
N2.HOG0000011	OG0000003	n49	A_granulata|model.g24679.t1_1				L_gigantea|XP_009057653.1, L_gigantea|XP_009058591.1		P_fucata|Pma_10012388, P_fucata|Pma_10024688, P_fucata|Pma_10024689	S_constricta|evm.model.ctg1004.8, S_constricta|evm.model.ctg101.5, S_constricta|evm.model.ctg2230.1, S_constricta|evm.model.ctg2331.1, S_constricta|evm.model.ctg2331.2, S_constricta|evm.model.ctg377.30, S_constricta|evm.model.ctg377.32_evm.model.ctg377.31, S_constricta|evm.model.ctg416.3, S_constricta|evm.model.ctg55.55
N2.HOG0000012	OG0000003	n63	A_granulata|model.g21540.t1_1		C_virginica|XP_022309038.1, C_virginica|XP_022310239.1, C_virginica|XP_022310240.1, C_virginica|XP_022310854.1, C_virginica|XP_022310856.1, C_virginica|XP_022331274.1, C_virginica|XP_022337605.1, C_virginica|XP_022343542.1, C_virginica|XP_022345326.1				P_fucata|Pma_10003317, P_fucata|Pma_10004263, P_fucata|Pma_10006091, P_fucata|Pma_10008865, P_fucata|Pma_10012847, P_fucata|Pma_10014369, P_fucata|Pma_10024776, P_fucata|Pma_10024777, P_fucata|Pma_10024778, P_fucata|Pma_10026952, P_fucata|Pma_10031663, P_fucata|Pma_10031664, P_fucata|Pma_231.16	S_constricta|evm.model.ctg88.8
N2.HOG0000013	OG0000003	n86	A_granulata|model.g12389.t1.1.5d3b8706_1		C_virginica|XP_022287104.1, C_virginica|XP_022287107.1, C_virginica|XP_022289652.1, C_virginica|XP_022290415.1, C_virginica|XP_022290497.1, C_virginica|XP_022290814.1, C_virginica|XP_022290815.1, C_virginica|XP_022292929.1, C_virginica|XP_022293075.1, C_virginica|XP_022293077.1, C_virginica|XP_022293080.1, C_virginica|XP_022293349.1, C_virginica|XP_022293350.1, C_virginica|XP_022293573.1, C_virginica|XP_022293578.1, C_virginica|XP_022294154.1, C_virginica|XP_022294207.1, C_virginica|XP_022294432.1, C_virginica|XP_022294646.1, C_virginica|XP_022294732.1, C_virginica|XP_022294733.1, C_virginica|XP_022294739.1, C_virginica|XP_022294740.1, C_virginica|XP_022294741.1, C_virginica|XP_022294750.1, C_virginica|XP_022295028.1, C_virginica|XP_022295064.1, C_virginica|XP_022295073.1, C_virginica|XP_022297397.1, C_virginica|XP_022299379.1, C_virginica|XP_022300762.1, C_virginica|XP_022330926.1, C_virginica|XP_022330927.1, C_virginica|XP_022330928.1, C_virginica|XP_022339391.1		L_gigantea|XP_009053435.1, L_gigantea|XP_009053436.1, L_gigantea|XP_009053437.1, L_gigantea|XP_009059572.1, L_gigantea|XP_009059573.1		P_fucata|Pma_10.1359	S_constricta|evm.model.ctg1045.8, S_constricta|evm.model.ctg401.21, S_constricta|evm.model.ctg642.12, S_constricta|evm.model.ctg859.5
N2.HOG0000014	OG0000003	n131			C_virginica|XP_022332278.1, C_virginica|XP_022335781.1, C_virginica|XP_022343659.1, C_virginica|XP_022344015.1, C_virginica|XP_022344065.1				P_fucata|Pma_1.232, P_fucata|Pma_10001023, P_fucata|Pma_10002536, P_fucata|Pma_10002742, P_fucata|Pma_10003793, P_fucata|Pma_10004519, P_fucata|Pma_10004520, P_fucata|Pma_10007192, P_fucata|Pma_10010621, P_fucata|Pma_10012077, P_fucata|Pma_10013353, P_fucata|Pma_10021076, P_fucata|Pma_10021077, P_fucata|Pma_10022603, P_fucata|Pma_10027183, P_fucata|Pma_10028043, P_fucata|Pma_10031633, P_fucata|Pma_145.761, P_fucata|Pma_201.324, P_fucata|Pma_328.141, P_fucata|Pma_453.236, P_fucata|Pma_5.1168	S_constricta|evm.model.ctg263.18, S_constricta|evm.model.ctg30.44
N2.HOG0000015	OG0000003	n159	A_granulata|model.g24762.t1_1	B_glabrata|XP_013061439.1	C_virginica|XP_022295699.1, C_virginica|XP_022295727.1, C_virginica|XP_022295728.1, C_virginica|XP_022299926.1, C_virginica|XP_022304396.1		L_gigantea|XP_009061854.1		P_fucata|Pma_10014538, P_fucata|Pma_10018092, P_fucata|Pma_10018317, P_fucata|Pma_10026479, P_fucata|Pma_10029971, P_fucata|Pma_10029981, P_fucata|Pma_10029982, P_fucata|Pma_10030213, P_fucata|Pma_424.232	S_constricta|evm.model.ctg125.83, S_constricta|evm.model.ctg140.26, S_constricta|evm.model.ctg140.28, S_constricta|evm.model.ctg140.29, S_constricta|evm.model.ctg142.51.1, S_constricta|evm.model.ctg1599.1, S_constricta|evm.model.ctg1708.1, S_constricta|evm.model.ctg1755.1, S_constricta|evm.model.ctg1771.1, S_constricta|evm.model.ctg1804.2, S_constricta|evm.model.ctg1840.1, S_constricta|evm.model.ctg1977.1, S_constricta|evm.model.ctg2046.10, S_constricta|evm.model.ctg2046.11, S_constricta|evm.model.ctg2046.12, S_constricta|evm.model.ctg2046.13, S_constricta|evm.model.ctg370.15, S_constricta|evm.model.ctg370.16.1, S_constricta|evm.model.ctg370.17.1, S_constricta|evm.model.ctg3910.2, S_constricta|evm.model.ctg4263.1, S_constricta|evm.model.ctg46.3, S_constricta|evm.model.ctg52.31, S_constricta|evm.model.ctg5546.1, S_constricta|evm.model.ctg791.11, S_constricta|evm.model.ctg791.12
N2.HOG0000016	OG0000004	n0		B_glabrata|XP_013062440.1, B_glabrata|XP_013086610.1, B_glabrata|XP_013089298.1, B_glabrata|XP_013091058.1, B_glabrata|XP_013093169.1	C_virginica|XP_022286479.1, C_virginica|XP_022286717.1, C_virginica|XP_022287415.1, C_virginica|XP_022287464.1, C_virginica|XP_022288574.1, C_virginica|XP_022288791.1, C_virginica|XP_022289418.1, C_virginica|XP_022289447.1, C_virginica|XP_022289654.1, C_virginica|XP_022289706.1, C_virginica|XP_022289715.1, C_virginica|XP_022289727.1, C_virginica|XP_022289935.1, C_virginica|XP_022289938.1, C_virginica|XP_022289949.1, C_virginica|XP_022289967.1, C_virginica|XP_022290176.1, C_virginica|XP_022290289.1, C_virginica|XP_022290581.1, C_virginica|XP_022290620.1, C_virginica|XP_022290649.1, C_virginica|XP_022292876.1, C_virginica|XP_022294925.1, C_virginica|XP_022297668.1, C_virginica|XP_022300903.1, C_virginica|XP_022301088.1, C_virginica|XP_022303340.1, C_virginica|XP_022303344.1, C_virginica|XP_022303346.1, C_virginica|XP_022303356.1, C_virginica|XP_022303357.1, C_virginica|XP_022303399.1, C_virginica|XP_022303488.1, C_virginica|XP_022303537.1, C_virginica|XP_022303548.1, C_virginica|XP_022303550.1, C_virginica|XP_022303619.1, C_virginica|XP_022303685.1, C_virginica|XP_022304173.1, C_virginica|XP_022304174.1, C_virginica|XP_022304367.1, C_virginica|XP_022304589.1, C_virginica|XP_022304591.1, C_virginica|XP_022304592.1, C_virginica|XP_022304600.1, C_virginica|XP_022304875.1, C_virginica|XP_022304878.1, C_virginica|XP_022304882.1, C_virginica|XP_022304886.1, C_virginica|XP_022304915.1, C_virginica|XP_022304917.1, C_virginica|XP_022305030.1, C_virginica|XP_022305080.1, C_virginica|XP_022305088.1, C_virginica|XP_022305270.1, C_virginica|XP_022305382.1, C_virginica|XP_022305385.1, C_virginica|XP_022305386.1, C_virginica|XP_022305387.1, C_virginica|XP_022305395.1, C_virginica|XP_022305396.1, C_virginica|XP_022305399.1, C_virginica|XP_022305401.1, C_virginica|XP_022305402.1, C_virginica|XP_022305518.1, C_virginica|XP_022305729.1, C_virginica|XP_022305732.1, C_virginica|XP_022305735.1, C_virginica|XP_022305737.1, C_virginica|XP_022305738.1, C_virginica|XP_022305741.1, C_virginica|XP_022305742.1, C_virginica|XP_022305748.1, C_virginica|XP_022305752.1, C_virginica|XP_022305756.1, C_virginica|XP_022305757.1, C_virginica|XP_022305760.1, C_virginica|XP_022306155.1, C_virginica|XP_022306229.1, C_virginica|XP_022306484.1, C_virginica|XP_022306485.1, C_virginica|XP_022306488.1, C_virginica|XP_022306742.1, C_virginica|XP_022306746.1, C_virginica|XP_022306748.1, C_virginica|XP_022306863.1, C_virginica|XP_022306864.1, C_virginica|XP_022306937.1, C_virginica|XP_022306955.1, C_virginica|XP_022306978.1, C_virginica|XP_022306990.1, C_virginica|XP_022306996.1, C_virginica|XP_022307015.1, C_virginica|XP_022307060.1, C_virginica|XP_022307062.1, C_virginica|XP_022307370.1, C_virginica|XP_022307426.1, C_virginica|XP_022307677.1, C_virginica|XP_022307682.1, C_virginica|XP_022307702.1, C_virginica|XP_022307722.1, C_virginica|XP_022307726.1, C_virginica|XP_022307728.1, C_virginica|XP_022307729.1, C_virginica|XP_022307732.1, C_virginica|XP_022307742.1, C_virginica|XP_022307748.1, C_virginica|XP_022307750.1, C_virginica|XP_022307756.1, C_virginica|XP_022307760.1, C_virginica|XP_022307761.1, C_virginica|XP_022307769.1, C_virginica|XP_022307793.1, C_virginica|XP_022307795.1, C_virginica|XP_022307818.1, C_virginica|XP_022307830.1, C_virginica|XP_022307835.1, C_virginica|XP_022307837.1, C_virginica|XP_022307839.1, C_virginica|XP_022307841.1, C_virginica|XP_022307844.1, C_virginica|XP_022307845.1, C_virginica|XP_022307862.1, C_virginica|XP_022307866.1, C_virginica|XP_022307870.1, C_virginica|XP_022307871.1, C_virginica|XP_022307874.1, C_virginica|XP_022307877.1, C_virginica|XP_022307879.1, C_virginica|XP_022307883.1, C_virginica|XP_022307884.1, C_virginica|XP_022307885.1, C_virginica|XP_022307962.1, C_virginica|XP_022308373.1, C_virginica|XP_022308423.1, C_virginica|XP_022308427.1, C_virginica|XP_022308432.1, C_virginica|XP_022308442.1, C_virginica|XP_022308515.1, C_virginica|XP_022309374.1, C_virginica|XP_022309506.1, C_virginica|XP_022309507.1, C_virginica|XP_022309512.1, C_virginica|XP_022309553.1, C_virginica|XP_022309653.1, C_virginica|XP_022309654.1, C_virginica|XP_022309655.1, C_virginica|XP_022309673.1, C_virginica|XP_022309674.1, C_virginica|XP_022309677.1, C_virginica|XP_022309678.1, C_virginica|XP_022309687.1, C_virginica|XP_022309842.1, C_virginica|XP_022309926.1, C_virginica|XP_022309955.1, C_virginica|XP_022310311.1, C_virginica|XP_022310709.1, C_virginica|XP_022310759.1, C_virginica|XP_022310878.1, C_virginica|XP_022310960.1, C_virginica|XP_022311693.1, C_virginica|XP_022311697.1, C_virginica|XP_022311843.1, C_virginica|XP_022311848.1, C_virginica|XP_022312694.1, C_virginica|XP_022326735.1, C_virginica|XP_022338718.1		L_gigantea|XP_009061714.1, L_gigantea|XP_009061776.1, L_gigantea|XP_009061781.1		P_fucata|Pma_10021546, P_fucata|Pma_10025331	
N2.HOG0000017	OG0000005	n0		B_glabrata|XP_013060748.1, B_glabrata|XP_013060749.1, B_glabrata|XP_013060750.1, B_glabrata|XP_013060751.1, B_glabrata|XP_013060752.1, B_glabrata|XP_013060753.1, B_glabrata|XP_013061378.1, B_glabrata|XP_013061765.1, B_glabrata|XP_013062259.1, B_glabrata|XP_013063792.1, B_glabrata|XP_013063815.1, B_glabrata|XP_013064133.1, B_glabrata|XP_013064687.1, B_glabrata|XP_013064834.1, B_glabrata|XP_013065598.1, B_glabrata|XP_013065599.1, B_glabrata|XP_013065601.1, B_glabrata|XP_013065602.1, B_glabrata|XP_013065603.1, B_glabrata|XP_013065689.1, B_glabrata|XP_013065800.1, B_glabrata|XP_013066216.1, B_glabrata|XP_013066356.1, B_glabrata|XP_013066380.1, B_glabrata|XP_013067980.1, B_glabrata|XP_013068909.1, B_glabrata|XP_013068910.1, B_glabrata|XP_013068911.1, B_glabrata|XP_013068912.1, B_glabrata|XP_013068923.1, B_glabrata|XP_013070490.1, B_glabrata|XP_013070912.1, B_glabrata|XP_013070931.1, B_glabrata|XP_013070941.1, B_glabrata|XP_013071039.1, B_glabrata|XP_013071040.1, B_glabrata|XP_013072739.1, B_glabrata|XP_013072793.1, B_glabrata|XP_013072794.1, B_glabrata|XP_013072938.1, B_glabrata|XP_013073022.1, B_glabrata|XP_013073127.1, B_glabrata|XP_013073621.1, B_glabrata|XP_013073839.1, B_glabrata|XP_013074238.1, B_glabrata|XP_013075477.1, B_glabrata|XP_013075511.1, B_glabrata|XP_013075681.1, B_glabrata|XP_013075900.1, B_glabrata|XP_013076040.1, B_glabrata|XP_013076081.1, B_glabrata|XP_013076118.1, B_glabrata|XP_013076119.1, B_glabrata|XP_013076490.1, B_glabrata|XP_013076820.1, B_glabrata|XP_013076976.1, B_glabrata|XP_013076977.1, B_glabrata|XP_013077191.1, B_glabrata|XP_013077360.1, B_glabrata|XP_013077835.1, B_glabrata|XP_013077843.1, B_glabrata|XP_013077931.1, B_glabrata|XP_013078205.1, B_glabrata|XP_013078857.1, B_glabrata|XP_013079575.1, B_glabrata|XP_013079821.1, B_glabrata|XP_013079822.1, B_glabrata|XP_013079823.1, B_glabrata|XP_013079824.1, B_glabrata|XP_013079825.1, B_glabrata|XP_013079826.1, B_glabrata|XP_013079939.1, B_glabrata|XP_013080113.1, B_glabrata|XP_013080139.1, B_glabrata|XP_013080600.1, B_glabrata|XP_013081547.1, B_glabrata|XP_013081639.1, B_glabrata|XP_013081961.1, B_glabrata|XP_013081962.1, B_glabrata|XP_013081963.1, B_glabrata|XP_013081965.1, B_glabrata|XP_013082453.1, B_glabrata|XP_013082529.1, B_glabrata|XP_013082539.1, B_glabrata|XP_013082780.1, B_glabrata|XP_013082945.1, B_glabrata|XP_013083094.1, B_glabrata|XP_013083115.1, B_glabrata|XP_013083285.1, B_glabrata|XP_013083331.1, B_glabrata|XP_013083470.1, B_glabrata|XP_013083635.1, B_glabrata|XP_013084274.1, B_glabrata|XP_013085672.1, B_glabrata|XP_013085673.1, B_glabrata|XP_013085869.1, B_glabrata|XP_013086084.1, B_glabrata|XP_013087274.1, B_glabrata|XP_013088025.1, B_glabrata|XP_013088661.1, B_glabrata|XP_013088875.1, B_glabrata|XP_013088913.1, B_glabrata|XP_013088914.1, B_glabrata|XP_013088915.1, B_glabrata|XP_013089007.1, B_glabrata|XP_013089113.1, B_glabrata|XP_013089173.1, B_glabrata|XP_013089577.1, B_glabrata|XP_013089597.1, B_glabrata|XP_013089599.1, B_glabrata|XP_013089696.1, B_glabrata|XP_013089697.1, B_glabrata|XP_013090038.1, B_glabrata|XP_013090255.1, B_glabrata|XP_013090256.1, B_glabrata|XP_013090257.1, B_glabrata|XP_013090258.1, B_glabrata|XP_013090259.1, B_glabrata|XP_013090260.1, B_glabrata|XP_013090262.1, B_glabrata|XP_013090263.1, B_glabrata|XP_013090264.1, B_glabrata|XP_013090871.1, B_glabrata|XP_013091101.1, B_glabrata|XP_013091977.1, B_glabrata|XP_013092206.1, B_glabrata|XP_013092332.1, B_glabrata|XP_013092334.1, B_glabrata|XP_013092510.1, B_glabrata|XP_013092710.1, B_glabrata|XP_013092714.1, B_glabrata|XP_013092831.1, B_glabrata|XP_013093140.1, B_glabrata|XP_013093186.1, B_glabrata|XP_013093212.1, B_glabrata|XP_013093286.1, B_glabrata|XP_013093295.1, B_glabrata|XP_013093447.1, B_glabrata|XP_013093534.1, B_glabrata|XP_013093829.1, B_glabrata|XP_013093930.1, B_glabrata|XP_013094255.1, B_glabrata|XP_013094513.1, B_glabrata|XP_013094572.1, B_glabrata|XP_013095252.1, B_glabrata|XP_013095595.1, B_glabrata|XP_013095633.1, B_glabrata|XP_013095634.1, B_glabrata|XP_013095635.1, B_glabrata|XP_013095637.1, B_glabrata|XP_013095639.1, B_glabrata|XP_013095830.1, B_glabrata|XP_013096201.1, B_glabrata|XP_013096365.1, B_glabrata|XP_013096443.1, B_glabrata|XP_013096743.1, B_glabrata|XP_013096891.1						
N2.HOG0000018	OG0000006	n0	A_granulata|evm.model.Super-Scaffold_100002.1619_1, A_granulata|evm.model.Super-Scaffold_100002.162_1, A_granulata|evm.model.Super-Scaffold_100002.1811_1, A_granulata|evm.model.Super-Scaffold_100002.1950_1, A_granulata|evm.model.Super-Scaffold_100002.1953_1, A_granulata|evm.model.Super-Scaffold_100002.278_1, A_granulata|evm.model.Super-Scaffold_100002.433_1, A_granulata|evm.model.Super-Scaffold_100002.547_1, A_granulata|evm.model.Super-Scaffold_100002.55_1, A_granulata|evm.model.Super-Scaffold_100003.1045_1, A_granulata|evm.model.Super-Scaffold_100003.1107_1, A_granulata|evm.model.Super-Scaffold_100003.1227_1, A_granulata|evm.model.Super-Scaffold_100003.1895_1, A_granulata|evm.model.Super-Scaffold_100003.419_1, A_granulata|evm.model.Super-Scaffold_100003.478_1, A_granulata|evm.model.Super-Scaffold_100003.479_1, A_granulata|evm.model.Super-Scaffold_100003.581_1, A_granulata|evm.model.Super-Scaffold_100003.9_1, A_granulata|evm.model.Super-Scaffold_100004.1225_1, A_granulata|evm.model.Super-Scaffold_100004.1289_1, A_granulata|evm.model.Super-Scaffold_100004.37_1, A_granulata|evm.model.Super-Scaffold_100004.474_1, A_granulata|evm.model.Super-Scaffold_100004.70_1, A_granulata|evm.model.Super-Scaffold_100004.71_1, A_granulata|evm.model.Super-Scaffold_100004.83_1, A_granulata|evm.model.Super-Scaffold_100004.981_1, A_granulata|evm.model.Super-Scaffold_100005.1041_1, A_granulata|evm.model.Super-Scaffold_100005.1219_1, A_granulata|evm.model.Super-Scaffold_100005.137_1, A_granulata|evm.model.Super-Scaffold_100005.467_1, A_granulata|evm.model.Super-Scaffold_100005.473_1, A_granulata|evm.model.Super-Scaffold_100005.869_1, A_granulata|evm.model.Super-Scaffold_100006.1008_1, A_granulata|evm.model.Super-Scaffold_100006.1011_1, A_granulata|evm.model.Super-Scaffold_100006.1061_1, A_granulata|evm.model.Super-Scaffold_100006.1089_1, A_granulata|evm.model.Super-Scaffold_100006.1260_1, A_granulata|evm.model.Super-Scaffold_100006.260_1, A_granulata|evm.model.Super-Scaffold_100006.448_1, A_granulata|evm.model.Super-Scaffold_100006.517_1, A_granulata|evm.model.Super-Scaffold_100006.622_1, A_granulata|evm.model.Super-Scaffold_100006.96_1, A_granulata|evm.model.Super-Scaffold_100007.202_1, A_granulata|evm.model.Super-Scaffold_100007.501_1, A_granulata|evm.model.Super-Scaffold_100007.56_1, A_granulata|evm.model.Super-Scaffold_100007.57_1, A_granulata|evm.model.Super-Scaffold_100007.58_1, A_granulata|evm.model.Super-Scaffold_100007.614_1, A_granulata|evm.model.Super-Scaffold_100007.618_1, A_granulata|evm.model.Super-Scaffold_100007.674_1, A_granulata|evm.model.Super-Scaffold_100008.157_1, A_granulata|evm.model.Super-Scaffold_100008.401_1, A_granulata|evm.model.Super-Scaffold_100008.439_1, A_granulata|evm.model.Super-Scaffold_100008.70_1, A_granulata|evm.model.Super-Scaffold_100008.811_1, A_granulata|evm.model.Super-Scaffold_100008.823_1, A_granulata|evm.model.Super-Scaffold_100008.854_1, A_granulata|evm.model.Super-Scaffold_100009.793_1, A_granulata|evm.model.Super-Scaffold_100009.797_1, A_granulata|evm.model.Super-Scaffold_100009.812_1, A_granulata|evm.model.Super-Scaffold_100010.13_1, A_granulata|evm.model.Super-Scaffold_100010.504_1, A_granulata|evm.model.Super-Scaffold_100010.727_1, A_granulata|evm.model.Super-Scaffold_100010.753_1, A_granulata|evm.model.Super-Scaffold_100011.603_1, A_granulata|evm.model.Super-Scaffold_100011.732_1, A_granulata|evm.model.Super-Scaffold_100011.821_1, A_granulata|evm.model.Super-Scaffold_100011.940_1, A_granulata|evm.model.Super-Scaffold_100011.9_1, A_granulata|evm.model.Super-Scaffold_100012.701_1, A_granulata|evm.model.Super-Scaffold_100013.273_1, A_granulata|evm.model.Super-Scaffold_100013.490_1, A_granulata|evm.model.Super-Scaffold_100015.160_1, A_granulata|evm.model.Super-Scaffold_100015.621_1, A_granulata|evm.model.Super-Scaffold_100015.665_1, A_granulata|evm.model.Super-Scaffold_100015.682_1, A_granulata|evm.model.Super-Scaffold_100016.180_1, A_granulata|evm.model.Super-Scaffold_100016.318_1, A_granulata|evm.model.Super-Scaffold_100017.102_1, A_granulata|evm.model.Super-Scaffold_100017.164_1, A_granulata|evm.model.Super-Scaffold_100018.134_1, A_granulata|evm.model.Super-Scaffold_100018.142_1, A_granulata|evm.model.Super-Scaffold_100018.284_1, A_granulata|evm.model.Super-Scaffold_100018.403_1, A_granulata|evm.model.Super-Scaffold_100018.418_1, A_granulata|evm.model.Super-Scaffold_100018.42_1, A_granulata|evm.model.Super-Scaffold_100018.43_1, A_granulata|evm.model.Super-Scaffold_100018.471_1, A_granulata|evm.model.Super-Scaffold_100018.479_1, A_granulata|evm.model.Super-Scaffold_100018.55_1, A_granulata|evm.model.Super-Scaffold_100018.57_1, A_granulata|evm.model.Super-Scaffold_100018.71_1, A_granulata|evm.model.Super-Scaffold_100018.82_1, A_granulata|evm.model.Super-Scaffold_100018.99_1, A_granulata|evm.model.Super-Scaffold_100019.10_1, A_granulata|evm.model.Super-Scaffold_100019.356_1, A_granulata|evm.model.Super-Scaffold_100019.365_1, A_granulata|evm.model.Super-Scaffold_100019.47_1, A_granulata|evm.model.Super-Scaffold_100019.4_1, A_granulata|evm.model.Super-Scaffold_100019.53_1, A_granulata|evm.model.Super-Scaffold_100019.5_1, A_granulata|evm.model.Super-Scaffold_100020.285_1, A_granulata|evm.model.Super-Scaffold_100021.214_1, A_granulata|evm.model.Super-Scaffold_100021.317_1, A_granulata|evm.model.Super-Scaffold_100021.413_1, A_granulata|evm.model.Super-Scaffold_100022.359_1, A_granulata|evm.model.Super-Scaffold_100023.260_1, A_granulata|evm.model.Super-Scaffold_100025.67_1, A_granulata|evm.model.Super-Scaffold_100026.18_1, A_granulata|evm.model.Super-Scaffold_100026.204_1, A_granulata|evm.model.Super-Scaffold_100029.49_1, A_granulata|evm.model.Super-Scaffold_100033.110_1, A_granulata|evm.model.Super-Scaffold_100033.81_1, A_granulata|evm.model.Super-Scaffold_100059.43_1, A_granulata|evm.model.Super-Scaffold_505.1008_1, A_granulata|evm.model.Super-Scaffold_505.1159_1, A_granulata|evm.model.Super-Scaffold_505.129_1, A_granulata|evm.model.Super-Scaffold_505.1857_1, A_granulata|evm.model.Super-Scaffold_505.1995_1, A_granulata|evm.model.Super-Scaffold_505.2013_1, A_granulata|evm.model.Super-Scaffold_505.2092_1, A_granulata|evm.model.Super-Scaffold_505.2149_1, A_granulata|evm.model.Super-Scaffold_505.2151_1, A_granulata|evm.model.Super-Scaffold_505.2154_1, A_granulata|evm.model.Super-Scaffold_505.2186_1, A_granulata|evm.model.Super-Scaffold_505.70_1, A_granulata|evm.model.Super-Scaffold_505.890_1, A_granulata|evm.model.Super-Scaffold_6845.204_1, A_granulata|evm.model.Super-Scaffold_6845.209_1, A_granulata|model.g11490.t1_1, A_granulata|model.g11643.t1_1, A_granulata|model.g12005.t1_1, A_granulata|model.g13670.t1_1, A_granulata|model.g14027.t1_1, A_granulata|model.g15406.t1_1, A_granulata|model.g1688.t1_1, A_granulata|model.g18176.t1_1, A_granulata|model.g22320.t1_1, A_granulata|model.g23985.t1_1, A_granulata|model.g2460.t1_1, A_granulata|model.g26187.t1_1, A_granulata|model.g26257.t1_1, A_granulata|model.g2640.t1_1, A_granulata|model.g26917.t1_1, A_granulata|model.g26937.t1_1, A_granulata|model.g26966.t1_1, A_granulata|model.g3623.t1_1, A_granulata|model.g425.t1_1, A_granulata|model.g5371.t1_1, A_granulata|model.g5630.t1_1, A_granulata|model.g5787.t1_1, A_granulata|model.g8844.t1_1, A_granulata|model.g9850.t1_1						P_fucata|Pma_10002083	
N2.HOG0000019	OG0000007	n4			C_virginica|XP_022308431.1				P_fucata|Pma_10017847	S_constricta|evm.model.ctg436.5
N2.HOG0000020	OG0000007	n7	A_granulata|model.g6273.t1_1				L_gigantea|XP_009046443.1			
N2.HOG0000021	OG0000007	n9	A_granulata|model.g6272.t1_1				L_gigantea|XP_009046442.1			
N2.HOG0000022	OG0000007	n13	A_granulata|evm.model.Super-Scaffold_100004.707_1	B_glabrata|XP_013075772.1	C_virginica|XP_022307961.1		L_gigantea|XP_009046440.1		P_fucata|Pma_10010607, P_fucata|Pma_532.177	S_constricta|evm.model.ctg412.18
N2.HOG0000023	OG0000007	n28	A_granulata|evm.model.Super-Scaffold_100009.926_1	B_glabrata|XP_013082066.1					P_fucata|Pma_10023862	
N2.HOG0000024	OG0000007	n33	A_granulata|evm.model.Super-Scaffold_100004.333_1				L_gigantea|XP_009052766.1			
N2.HOG0000025	OG0000007	n36	A_granulata|evm.model.Super-Scaffold_100004.295_1							
N2.HOG0000026	OG0000007	n38	A_granulata|evm.model.Super-Scaffold_100004.411_1	B_glabrata|XP_013079326.1, B_glabrata|XP_013090876.1	C_virginica|XP_022316903.1, C_virginica|XP_022319262.1		L_gigantea|XP_009055159.1, L_gigantea|XP_009055160.1		P_fucata|Pma_10001157	S_constricta|evm.model.ctg380.19, S_constricta|evm.model.ctg76.75
N2.HOG0000027	OG0000007	n49	A_granulata|evm.model.Super-Scaffold_100004.301_1		C_virginica|XP_022286090.1		L_gigantea|XP_009063633.1			S_constricta|evm.model.ctg2181.2
N2.HOG0000028	OG0000007	n53	A_granulata|model.g6264.t1_model.g6265.t1_1		C_virginica|XP_022291943.1		L_gigantea|XP_009046437.1			S_constricta|evm.model.ctg412.15
N2.HOG0000029	OG0000007	n59	A_granulata|model.g6275.t1_1	B_glabrata|XP_013073864.1, B_glabrata|XP_013085966.1			L_gigantea|XP_009046446.1		P_fucata|Pma_10004348, P_fucata|Pma_10009355	S_constricta|evm.model.ctg436.7
N2.HOG0000030	OG0000007	n65	A_granulata|model.g13936.t1_1	B_glabrata|XP_013081957.1	C_virginica|XP_022326937.1		L_gigantea|XP_009065435.1		P_fucata|Pma_10023863	S_constricta|evm.model.ctg306.3
N2.HOG0000031	OG0000007	n75			C_virginica|XP_022289925.1, C_virginica|XP_022292027.1		L_gigantea|XP_009046438.1, L_gigantea|XP_009046439.1		P_fucata|Pma_10006875, P_fucata|Pma_10030419, P_fucata|Pma_207.322	S_constricta|evm.model.ctg412.17
N2.HOG0000032	OG0000007	n83	A_granulata|model.g13938.t1_1	B_glabrata|XP_013082062.1	C_virginica|XP_022328330.1		L_gigantea|XP_009065436.1		P_fucata|Pma_10007466, P_fucata|Pma_10016649, P_fucata|Pma_10023861	S_constricta|evm.model.ctg306.4
N2.HOG0000033	OG0000007	n92	A_granulata|model.g5761.t1_1	B_glabrata|XP_013063618.1	C_virginica|XP_022324615.1		L_gigantea|XP_009046479.1		P_fucata|Pma_10016536	
N2.HOG0000034	OG0000007	n100							P_fucata|Pma_10032672	
N2.HOG0000035	OG0000007	n104					L_gigantea|XP_009065931.1			
N2.HOG0000036	OG0000007	n105	A_granulata|evm.model.Super-Scaffold_100006.1323_1				L_gigantea|XP_009065930.1			
N2.HOG0000037	OG0000007	n106			C_virginica|XP_022320319.1, C_virginica|XP_022320653.1				P_fucata|Pma_10027249	
N2.HOG0000038	OG0000007	n108	A_granulata|model.g6270.t1.2.5d3b84cf_1		C_virginica|XP_022340779.1		L_gigantea|XP_009046441.1		P_fucata|Pma_10017849	
N2.HOG0000039	OG0000007	n115		B_glabrata|XP_013086911.1, B_glabrata|XP_013093880.1	C_virginica|XP_022309837.1		L_gigantea|XP_009046445.1		P_fucata|Pma_10008710	S_constricta|evm.model.ctg436.1
N2.HOG0000040	OG0000007	n121	A_granulata|model.g6274.t1_1		C_virginica|XP_022342129.1		L_gigantea|XP_009046444.1			S_constricta|evm.model.ctg436.4
N2.HOG0000041	OG0000008	n0			C_virginica|XP_022328162.1, C_virginica|XP_022336556.1				P_fucata|Pma_10000381, P_fucata|Pma_10000932, P_fucata|Pma_10001198, P_fucata|Pma_10001272, P_fucata|Pma_10001395, P_fucata|Pma_10002023, P_fucata|Pma_10002741, P_fucata|Pma_10002834, P_fucata|Pma_10002973, P_fucata|Pma_10005046, P_fucata|Pma_10005415, P_fucata|Pma_10005503, P_fucata|Pma_10005812, P_fucata|Pma_10005838, P_fucata|Pma_10006437, P_fucata|Pma_10006710, P_fucata|Pma_10007564, P_fucata|Pma_10009170, P_fucata|Pma_10009276, P_fucata|Pma_10009288, P_fucata|Pma_10009788, P_fucata|Pma_10010065, P_fucata|Pma_10010252, P_fucata|Pma_10010336, P_fucata|Pma_10010358, P_fucata|Pma_10010850, P_fucata|Pma_10011400, P_fucata|Pma_10011413, P_fucata|Pma_10011621, P_fucata|Pma_10011701, P_fucata|Pma_10012164, P_fucata|Pma_10012601, P_fucata|Pma_10012813, P_fucata|Pma_10012983, P_fucata|Pma_10013104, P_fucata|Pma_10013457, P_fucata|Pma_10013957, P_fucata|Pma_10014031, P_fucata|Pma_10014274, P_fucata|Pma_10014331, P_fucata|Pma_10014442, P_fucata|Pma_10014461, P_fucata|Pma_10014641, P_fucata|Pma_10014823, P_fucata|Pma_10015213, P_fucata|Pma_10015220, P_fucata|Pma_10015719, P_fucata|Pma_10015948, P_fucata|Pma_10016205, P_fucata|Pma_10016550, P_fucata|Pma_10016596, P_fucata|Pma_10016756, P_fucata|Pma_10016906, P_fucata|Pma_10017036, P_fucata|Pma_10017267, P_fucata|Pma_10017727, P_fucata|Pma_10017760, P_fucata|Pma_10018460, P_fucata|Pma_10018523, P_fucata|Pma_10018601, P_fucata|Pma_10018689, P_fucata|Pma_10018762, P_fucata|Pma_10018764, P_fucata|Pma_10018782, P_fucata|Pma_10020755, P_fucata|Pma_10020872, P_fucata|Pma_10021130, P_fucata|Pma_10021257, P_fucata|Pma_10021364, P_fucata|Pma_10021465, P_fucata|Pma_10021487, P_fucata|Pma_10021591, P_fucata|Pma_10022256, P_fucata|Pma_10022527, P_fucata|Pma_10022931, P_fucata|Pma_10023276, P_fucata|Pma_10023630, P_fucata|Pma_10023717, P_fucata|Pma_10024277, P_fucata|Pma_10024322, P_fucata|Pma_10025202, P_fucata|Pma_10025225, P_fucata|Pma_10025403, P_fucata|Pma_10025714, P_fucata|Pma_10025742, P_fucata|Pma_10026145, P_fucata|Pma_10026194, P_fucata|Pma_10026204, P_fucata|Pma_10026497, P_fucata|Pma_10026499, P_fucata|Pma_10027002, P_fucata|Pma_10027521, P_fucata|Pma_10027590, P_fucata|Pma_10027927, P_fucata|Pma_10028024, P_fucata|Pma_10028195, P_fucata|Pma_10028243, P_fucata|Pma_10028861, P_fucata|Pma_10028987, P_fucata|Pma_10029267, P_fucata|Pma_10029566, P_fucata|Pma_10029621, P_fucata|Pma_10029625, P_fucata|Pma_10029961, P_fucata|Pma_10030000, P_fucata|Pma_10030056, P_fucata|Pma_10030532, P_fucata|Pma_10031329, P_fucata|Pma_10031879, P_fucata|Pma_10031891, P_fucata|Pma_10032283, P_fucata|Pma_10032441, P_fucata|Pma_10032536, P_fucata|Pma_10032670, P_fucata|Pma_125.33, P_fucata|Pma_137.648	
N2.HOG0000042	OG0000009	n3					L_gigantea|XP_009058738.1			
N2.HOG0000043	OG0000009	n5	A_granulata|evm.model.Super-Scaffold_100012.506_1	B_glabrata|XP_013076273.1	C_virginica|XP_022335688.1		L_gigantea|XP_009044518.1		P_fucata|Pma_10032418	
N2.HOG0000044	OG0000009	n11	A_granulata|evm.model.Super-Scaffold_100004.157_1		C_virginica|XP_022316864.1		L_gigantea|XP_009055766.1, L_gigantea|XP_009064105.1		P_fucata|Pma_10006517	S_constricta|evm.model.ctg76.11
N2.HOG0000045	OG0000009	n19		B_glabrata|XP_013074409.1			L_gigantea|XP_009051792.1		P_fucata|Pma_10012721, P_fucata|Pma_10025848	S_constricta|evm.model.ctg67.88
N2.HOG0000046	OG0000009	n24		B_glabrata|XP_013062473.1, B_glabrata|XP_013063268.1, B_glabrata|XP_013080003.1, B_glabrata|XP_013094576.1	C_virginica|XP_022308211.1, C_virginica|XP_022336489.1		L_gigantea|XP_009046723.1, L_gigantea|XP_009058115.1, L_gigantea|XP_009059556.1		P_fucata|Pma_10011588, P_fucata|Pma_2.186	S_constricta|evm.model.ctg1628.1, S_constricta|evm.model.ctg1696.4, S_constricta|evm.model.ctg6192.1
N2.HOG0000047	OG0000009	n39		B_glabrata|XP_013064161.1, B_glabrata|XP_013091514.1, B_glabrata|XP_013093678.1					P_fucata|Pma_10020874	S_constricta|evm.model.ctg300.11, S_constricta|evm.model.ctg4423.1
N2.HOG0000048	OG0000009	n47	A_granulata|evm.model.Super-Scaffold_100013.618_1		C_virginica|XP_022299766.1		L_gigantea|XP_009044627.1		P_fucata|Pma_10019736, P_fucata|Pma_10021751	S_constricta|evm.model.ctg138.15, S_constricta|evm.model.ctg885.2
N2.HOG0000049	OG0000009	n55	A_granulata|evm.model.Super-Scaffold_505.825_1		C_virginica|XP_022335661.1		L_gigantea|XP_009057810.1		P_fucata|Pma_10028191	
N2.HOG0000050	OG0000009	n59	A_granulata|evm.model.Super-Scaffold_100002.833_1, A_granulata|evm.model.Super-Scaffold_100013.583_1		C_virginica|XP_022338842.1, C_virginica|XP_022338942.1					S_constricta|evm.model.ctg6778.1
N2.HOG0000051	OG0000009	n68	A_granulata|evm.model.Super-Scaffold_100010.662_1				L_gigantea|XP_009064159.1			
N2.HOG0000052	OG0000009	n69	A_granulata|evm.model.Super-Scaffold_100006.676_1, A_granulata|evm.model.Super-Scaffold_505.1121_1, A_granulata|evm.model.Super-Scaffold_505.1606_1	B_glabrata|XP_013063303.1			L_gigantea|XP_009053527.1		P_fucata|Pma_10012832	S_constricta|evm.model.ctg923.6
N2.HOG0000053	OG0000009	n75	A_granulata|evm.model.Super-Scaffold_100014.34_1							
N2.HOG0000054	OG0000009	n78	A_granulata|model.g14108.t1_1	B_glabrata|XP_013082520.1	C_virginica|XP_022286105.1, C_virginica|XP_022346077.1		L_gigantea|XP_009053915.1			S_constricta|evm.model.ctg1144.9
N2.HOG0000055	OG0000009	n85	A_granulata|evm.model.Super-Scaffold_100006.1281_1, A_granulata|model.g14402.t1_1	B_glabrata|XP_013071348.1	C_virginica|XP_022338373.1, C_virginica|XP_022338900.1				P_fucata|Pma_325.96	
N2.HOG0000056	OG0000011	n2	A_granulata|model.g14860.t1_1	B_glabrata|XP_013083200.1			L_gigantea|XP_009053022.1		P_fucata|Pma_10023646	S_constricta|evm.model.ctg366.24
N2.HOG0000057	OG0000011	n8		B_glabrata|XP_013092586.1			L_gigantea|XP_009044047.1		P_fucata|Pma_10011539, P_fucata|Pma_10019860, P_fucata|Pma_55.139	S_constricta|evm.model.ctg103.60, S_constricta|evm.model.ctg1031.1, S_constricta|evm.model.ctg1031.2, S_constricta|evm.model.ctg1031.5, S_constricta|evm.model.ctg1157.14, S_constricta|evm.model.ctg1163.1, S_constricta|evm.model.ctg1163.2, S_constricta|evm.model.ctg1163.3, S_constricta|evm.model.ctg1163.4, S_constricta|evm.model.ctg1173.1, S_constricta|evm.model.ctg1173.10, S_constricta|evm.model.ctg1173.2, S_constricta|evm.model.ctg1173.5, S_constricta|evm.model.ctg1173.6, S_constricta|evm.model.ctg1173.7, S_constricta|evm.model.ctg1173.8, S_constricta|evm.model.ctg1173.9, S_constricta|evm.model.ctg1189.1, S_constricta|evm.model.ctg1189.4, S_constricta|evm.model.ctg1189.6, S_constricta|evm.model.ctg1197.1, S_constricta|evm.model.ctg1204.8, S_constricta|evm.model.ctg1280.10, S_constricta|evm.model.ctg1280.6, S_constricta|evm.model.ctg1280.8, S_constricta|evm.model.ctg1414.7, S_constricta|evm.model.ctg1414.8.1, S_constricta|evm.model.ctg1525.1, S_constricta|evm.model.ctg1611.1, S_constricta|evm.model.ctg1611.2, S_constricta|evm.model.ctg1611.3, S_constricta|evm.model.ctg1611.4, S_constricta|evm.model.ctg1611.5, S_constricta|evm.model.ctg1611.6, S_constricta|evm.model.ctg1728.1.5, S_constricta|evm.model.ctg1801.2, S_constricta|evm.model.ctg1814.1, S_constricta|evm.model.ctg1892.1, S_constricta|evm.model.ctg1892.2, S_constricta|evm.model.ctg1905.2, S_constricta|evm.model.ctg1905.3, S_constricta|evm.model.ctg1905.4, S_constricta|evm.model.ctg1905.5, S_constricta|evm.model.ctg1905.6, S_constricta|evm.model.ctg1950.1, S_constricta|evm.model.ctg2037.2, S_constricta|evm.model.ctg2148.3, S_constricta|evm.model.ctg2148.4, S_constricta|evm.model.ctg2170.1, S_constricta|evm.model.ctg2170.2, S_constricta|evm.model.ctg2170.3, S_constricta|evm.model.ctg2243.4, S_constricta|evm.model.ctg2250.1, S_constricta|evm.model.ctg2250.2, S_constricta|evm.model.ctg2506.2.1, S_constricta|evm.model.ctg2608.3.1, S_constricta|evm.model.ctg2716.1, S_constricta|evm.model.ctg2716.3, S_constricta|evm.model.ctg2747.1, S_constricta|evm.model.ctg2900.1, S_constricta|evm.model.ctg2900.2, S_constricta|evm.model.ctg2935.1, S_constricta|evm.model.ctg2935.2, S_constricta|evm.model.ctg2935.4, S_constricta|evm.model.ctg2947.1, S_constricta|evm.model.ctg2947.2, S_constricta|evm.model.ctg2960.1, S_constricta|evm.model.ctg3075.1, S_constricta|evm.model.ctg3105.3, S_constricta|evm.model.ctg3160.1, S_constricta|evm.model.ctg3234.1, S_constricta|evm.model.ctg3234.3, S_constricta|evm.model.ctg3234.4, S_constricta|evm.model.ctg3389.3, S_constricta|evm.model.ctg3433.1, S_constricta|evm.model.ctg3433.2, S_constricta|evm.model.ctg3433.3, S_constricta|evm.model.ctg3437.4, S_constricta|evm.model.ctg3583.1, S_constricta|evm.model.ctg3583.2, S_constricta|evm.model.ctg3898.1, S_constricta|evm.model.ctg3898.2, S_constricta|evm.model.ctg4062.2.1, S_constricta|evm.model.ctg4448.1_evm.model.ctg4448.2, S_constricta|evm.model.ctg5056.1, S_constricta|evm.model.ctg5056.2, S_constricta|evm.model.ctg5056.3, S_constricta|evm.model.ctg748.3, S_constricta|evm.model.ctg748.4, S_constricta|evm.model.ctg8738.1, S_constricta|evm.model.ctg9031.1
N2.HOG0000058	OG0000012	n0							P_fucata|Pma_10024425, P_fucata|Pma_10024427, P_fucata|Pma_10024429, P_fucata|Pma_10024431, P_fucata|Pma_10024433, P_fucata|Pma_10024435, P_fucata|Pma_10024437, P_fucata|Pma_10024439, P_fucata|Pma_10024441, P_fucata|Pma_10024443, P_fucata|Pma_10024445, P_fucata|Pma_10024447, P_fucata|Pma_10024449, P_fucata|Pma_10024451, P_fucata|Pma_10024453, P_fucata|Pma_10024455, P_fucata|Pma_10024457, P_fucata|Pma_10024459, P_fucata|Pma_10024461, P_fucata|Pma_10024463, P_fucata|Pma_10024465, P_fucata|Pma_10024467, P_fucata|Pma_10024469, P_fucata|Pma_10024471, P_fucata|Pma_10024473, P_fucata|Pma_10024475, P_fucata|Pma_10024477, P_fucata|Pma_10024479, P_fucata|Pma_10024481, P_fucata|Pma_10024483, P_fucata|Pma_10024485, P_fucata|Pma_10024487, P_fucata|Pma_10024489, P_fucata|Pma_10024491, P_fucata|Pma_10024494, P_fucata|Pma_10024496, P_fucata|Pma_10024498, P_fucata|Pma_10024500, P_fucata|Pma_10024502, P_fucata|Pma_10024504, P_fucata|Pma_10024506, P_fucata|Pma_10024508, P_fucata|Pma_10024510, P_fucata|Pma_10024512, P_fucata|Pma_10024514, P_fucata|Pma_10024516, P_fucata|Pma_10024518, P_fucata|Pma_10024520, P_fucata|Pma_10024522, P_fucata|Pma_10024524, P_fucata|Pma_10024526, P_fucata|Pma_10024528, P_fucata|Pma_10024530, P_fucata|Pma_10024532, P_fucata|Pma_10024534, P_fucata|Pma_10024536, P_fucata|Pma_10024538, P_fucata|Pma_10024540, P_fucata|Pma_10024542, P_fucata|Pma_10024544, P_fucata|Pma_10024546, P_fucata|Pma_10024548, P_fucata|Pma_10024550, P_fucata|Pma_10024552, P_fucata|Pma_10024554, P_fucata|Pma_10024556, P_fucata|Pma_10024558, P_fucata|Pma_10024560, P_fucata|Pma_10024562, P_fucata|Pma_10024564, P_fucata|Pma_10024566, P_fucata|Pma_10024568, P_fucata|Pma_10024570, P_fucata|Pma_10024572, P_fucata|Pma_10024574, P_fucata|Pma_10024576, P_fucata|Pma_10024578, P_fucata|Pma_10024580, P_fucata|Pma_10024582, P_fucata|Pma_10024584, P_fucata|Pma_10024586, P_fucata|Pma_10024588, P_fucata|Pma_10024590, P_fucata|Pma_10024592, P_fucata|Pma_10024594, P_fucata|Pma_10024596, P_fucata|Pma_10024598, P_fucata|Pma_10024600, P_fucata|Pma_10024602, P_fucata|Pma_10024604, P_fucata|Pma_10024606, P_fucata|Pma_10024608, P_fucata|Pma_10024610, P_fucata|Pma_10024612, P_fucata|Pma_10024614, P_fucata|Pma_10024616, P_fucata|Pma_10024618, P_fucata|Pma_10024620, P_fucata|Pma_10024622, P_fucata|Pma_10024624, P_fucata|Pma_10024626, P_fucata|Pma_10024628, P_fucata|Pma_10024630	
N2.HOG0000059	OG0000013	n0			C_virginica|XP_022303194.1, C_virginica|XP_022304147.1, C_virginica|XP_022304232.1, C_virginica|XP_022304272.1, C_virginica|XP_022304397.1, C_virginica|XP_022304465.1, C_virginica|XP_022304650.1, C_virginica|XP_022304826.1, C_virginica|XP_022304902.1, C_virginica|XP_022304926.1, C_virginica|XP_022305368.1, C_virginica|XP_022305369.1, C_virginica|XP_022305636.1, C_virginica|XP_022305639.1, C_virginica|XP_022305644.1, C_virginica|XP_022305646.1, C_virginica|XP_022305647.1, C_virginica|XP_022305648.1, C_virginica|XP_022305652.1, C_virginica|XP_022305656.1, C_virginica|XP_022305661.1, C_virginica|XP_022305671.1, C_virginica|XP_022305672.1, C_virginica|XP_022305675.1, C_virginica|XP_022305678.1, C_virginica|XP_022305679.1, C_virginica|XP_022306351.1, C_virginica|XP_022306357.1, C_virginica|XP_022306358.1, C_virginica|XP_022306359.1, C_virginica|XP_022306362.1, C_virginica|XP_022306364.1, C_virginica|XP_022306367.1, C_virginica|XP_022306369.1, C_virginica|XP_022306385.1, C_virginica|XP_022306463.1, C_virginica|XP_022306465.1, C_virginica|XP_022306466.1, C_virginica|XP_022306468.1, C_virginica|XP_022306472.1, C_virginica|XP_022306473.1, C_virginica|XP_022306474.1, C_virginica|XP_022306475.1, C_virginica|XP_022306479.1, C_virginica|XP_022306483.1, C_virginica|XP_022306710.1, C_virginica|XP_022307477.1, C_virginica|XP_022307478.1, C_virginica|XP_022307479.1, C_virginica|XP_022307480.1, C_virginica|XP_022307619.1, C_virginica|XP_022307622.1, C_virginica|XP_022307623.1, C_virginica|XP_022307624.1, C_virginica|XP_022307630.1, C_virginica|XP_022307631.1, C_virginica|XP_022307633.1, C_virginica|XP_022307634.1, C_virginica|XP_022309564.1, C_virginica|XP_022310056.1, C_virginica|XP_022310070.1, C_virginica|XP_022310242.1, C_virginica|XP_022310258.1, C_virginica|XP_022310797.1, C_virginica|XP_022310798.1, C_virginica|XP_022310804.1, C_virginica|XP_022311307.1, C_virginica|XP_022311308.1, C_virginica|XP_022311310.1, C_virginica|XP_022311311.1, C_virginica|XP_022311460.1, C_virginica|XP_022311480.1, C_virginica|XP_022311594.1, C_virginica|XP_022311708.1, C_virginica|XP_022311860.1, C_virginica|XP_022311861.1, C_virginica|XP_022311867.1, C_virginica|XP_022311877.1, C_virginica|XP_022311879.1, C_virginica|XP_022312370.1, C_virginica|XP_022312453.1, C_virginica|XP_022331776.1, C_virginica|XP_022334804.1				P_fucata|Pma_10011085, P_fucata|Pma_10011366, P_fucata|Pma_108.798	
N2.HOG0000060	OG0000014	n0			C_virginica|XP_022290500.1, C_virginica|XP_022304629.1, C_virginica|XP_022304635.1, C_virginica|XP_022304881.1, C_virginica|XP_022304883.1, C_virginica|XP_022304884.1, C_virginica|XP_022304885.1, C_virginica|XP_022304923.1, C_virginica|XP_022305137.1, C_virginica|XP_022305247.1, C_virginica|XP_022305249.1, C_virginica|XP_022305254.1, C_virginica|XP_022305255.1, C_virginica|XP_022305261.1, C_virginica|XP_022305262.1, C_virginica|XP_022305271.1, C_virginica|XP_022305289.1, C_virginica|XP_022305577.1, C_virginica|XP_022306410.1, C_virginica|XP_022306411.1, C_virginica|XP_022306413.1, C_virginica|XP_022306414.1, C_virginica|XP_022306636.1, C_virginica|XP_022306648.1, C_virginica|XP_022306764.1, C_virginica|XP_022306866.1, C_virginica|XP_022307315.1, C_virginica|XP_022307318.1, C_virginica|XP_022307320.1, C_virginica|XP_022307321.1, C_virginica|XP_022307322.1, C_virginica|XP_022307425.1, C_virginica|XP_022307434.1, C_virginica|XP_022307497.1, C_virginica|XP_022307498.1, C_virginica|XP_022307500.1, C_virginica|XP_022307501.1, C_virginica|XP_022307515.1, C_virginica|XP_022307592.1, C_virginica|XP_022307645.1, C_virginica|XP_022307668.1, C_virginica|XP_022307673.1, C_virginica|XP_022307674.1, C_virginica|XP_022307675.1, C_virginica|XP_022307676.1, C_virginica|XP_022307686.1, C_virginica|XP_022307753.1, C_virginica|XP_022307804.1, C_virginica|XP_022307869.1, C_virginica|XP_022308393.1, C_virginica|XP_022308398.1, C_virginica|XP_022308402.1, C_virginica|XP_022308406.1, C_virginica|XP_022308425.1, C_virginica|XP_022308498.1, C_virginica|XP_022308499.1, C_virginica|XP_022308548.1, C_virginica|XP_022308551.1, C_virginica|XP_022308759.1, C_virginica|XP_022308764.1, C_virginica|XP_022308847.1, C_virginica|XP_022308875.1, C_virginica|XP_022308881.1, C_virginica|XP_022308883.1, C_virginica|XP_022308884.1, C_virginica|XP_022308895.1, C_virginica|XP_022308897.1, C_virginica|XP_022308914.1, C_virginica|XP_022308920.1, C_virginica|XP_022308930.1, C_virginica|XP_022309624.1, C_virginica|XP_022309931.1, C_virginica|XP_022309934.1, C_virginica|XP_022310032.1, C_virginica|XP_022310034.1, C_virginica|XP_022310789.1, C_virginica|XP_022310792.1, C_virginica|XP_022310812.1, C_virginica|XP_022310813.1, C_virginica|XP_022311297.1, C_virginica|XP_022311298.1					
N2.HOG0000061	OG0000015	n2	A_granulata|model.g11415.t1_1	B_glabrata|XP_013076970.1			L_gigantea|XP_009047434.1			
N2.HOG0000062	OG0000015	n7	A_granulata|evm.model.Super-Scaffold_100057.39_1, A_granulata|model.g20494.t1_1				L_gigantea|XP_009049765.1		P_fucata|Pma_10020663	S_constricta|evm.model.ctg109.15, S_constricta|evm.model.ctg6408.1
N2.HOG0000063	OG0000015	n13		B_glabrata|XP_013076722.1, B_glabrata|XP_013090484.1	C_virginica|XP_022325142.1				P_fucata|Pma_10001006	S_constricta|evm.model.ctg413.13
N2.HOG0000064	OG0000015	n19			C_virginica|XP_022313105.1					
N2.HOG0000065	OG0000015	n61	A_granulata|evm.model.Super-Scaffold_100002.249_1	B_glabrata|XP_013077189.1	C_virginica|XP_022341159.1		L_gigantea|XP_009052518.1			S_constricta|evm.model.ctg528.30
N2.HOG0000066	OG0000016	n3	A_granulata|evm.model.Super-Scaffold_100003.698_1							S_constricta|evm.model.ctg599.25, S_constricta|evm.model.ctg658.14, S_constricta|evm.model.ctg658.15, S_constricta|evm.model.ctg769.1, S_constricta|evm.model.ctg942.2
N2.HOG0000067	OG0000016	n9	A_granulata|evm.model.Super-Scaffold_100005.476_1, A_granulata|evm.model.Super-Scaffold_100016.112_1, A_granulata|evm.model.Super-Scaffold_100019.314_1, A_granulata|evm.model.Super-Scaffold_100037.2_1, A_granulata|evm.model.Super-Scaffold_505.1528_1, A_granulata|model.g19855.t1_1, A_granulata|model.g20194.t1_1, A_granulata|model.g26165.t1_1, A_granulata|model.g8906.t1_1	B_glabrata|XP_013062374.1, B_glabrata|XP_013068639.1, B_glabrata|XP_013068640.1, B_glabrata|XP_013078245.1, B_glabrata|XP_013080662.1, B_glabrata|XP_013080962.1, B_glabrata|XP_013086580.1, B_glabrata|XP_013086582.1, B_glabrata|XP_013089408.1, B_glabrata|XP_013090966.1, B_glabrata|XP_013090968.1, B_glabrata|XP_013091907.1, B_glabrata|XP_013092990.1, B_glabrata|XP_013093196.1, B_glabrata|XP_013093671.1, B_glabrata|XP_013094005.1, B_glabrata|XP_013096412.1	C_virginica|XP_022293525.1, C_virginica|XP_022294752.1, C_virginica|XP_022308580.1, C_virginica|XP_022332689.1, C_virginica|XP_022334600.1		L_gigantea|XP_009066031.1		P_fucata|Pma_10002971, P_fucata|Pma_10002972, P_fucata|Pma_10005410, P_fucata|Pma_10010486, P_fucata|Pma_10013072, P_fucata|Pma_10013074, P_fucata|Pma_10013077, P_fucata|Pma_10013078, P_fucata|Pma_10017082, P_fucata|Pma_10017238, P_fucata|Pma_10019994, P_fucata|Pma_10020228, P_fucata|Pma_10021023, P_fucata|Pma_10026304, P_fucata|Pma_10026305, P_fucata|Pma_10026308, P_fucata|Pma_10026309, P_fucata|Pma_10026311, P_fucata|Pma_10027671, P_fucata|Pma_2.319	S_constricta|evm.model.ctg174.7, S_constricta|evm.model.ctg496.5, S_constricta|evm.model.ctg6.81
N2.HOG0000068	OG0000017	n0	A_granulata|evm.model.Super-Scaffold_100003.1034_1, A_granulata|model.g4965.t1_1, A_granulata|model.g4966.t1_1, A_granulata|model.g706.t1_1	B_glabrata|XP_013062034.1, B_glabrata|XP_013062035.1, B_glabrata|XP_013065857.1, B_glabrata|XP_013065863.1, B_glabrata|XP_013065892.1, B_glabrata|XP_013065893.1, B_glabrata|XP_013065895.1, B_glabrata|XP_013077200.1, B_glabrata|XP_013077202.1, B_glabrata|XP_013078946.1, B_glabrata|XP_013079385.1, B_glabrata|XP_013079394.1, B_glabrata|XP_013080598.1, B_glabrata|XP_013080599.1, B_glabrata|XP_013083785.1, B_glabrata|XP_013093165.1	C_virginica|XP_022288802.1, C_virginica|XP_022292738.1, C_virginica|XP_022338110.1, C_virginica|XP_022339402.1, C_virginica|XP_022339405.1, C_virginica|XP_022343020.1, C_virginica|XP_022344537.1, C_virginica|XP_022344538.1, C_virginica|XP_022344539.1, C_virginica|XP_022344548.1, C_virginica|XP_022344551.1		L_gigantea|XP_009054246.1, L_gigantea|XP_009061494.1		P_fucata|Pma_10003264, P_fucata|Pma_10005159, P_fucata|Pma_10016044, P_fucata|Pma_10016367, P_fucata|Pma_10021622, P_fucata|Pma_10023166, P_fucata|Pma_10024934, P_fucata|Pma_10029257, P_fucata|Pma_10029259, P_fucata|Pma_10029261, P_fucata|Pma_10029262, P_fucata|Pma_10031907	S_constricta|evm.model.ctg225.33, S_constricta|evm.model.ctg3125.1, S_constricta|evm.model.ctg325.3, S_constricta|evm.model.ctg337.18, S_constricta|evm.model.ctg416.42, S_constricta|evm.model.ctg489.2, S_constricta|evm.model.ctg747.4, S_constricta|evm.model.ctg747.5
N2.HOG0000069	OG0000018	n0			C_virginica|XP_022300455.1, C_virginica|XP_022333877.1		L_gigantea|XP_009055411.1		P_fucata|Pma_10000702, P_fucata|Pma_10001184, P_fucata|Pma_10002367, P_fucata|Pma_10002677, P_fucata|Pma_10004474, P_fucata|Pma_10004726, P_fucata|Pma_10005768, P_fucata|Pma_10006138, P_fucata|Pma_10006295, P_fucata|Pma_10006442, P_fucata|Pma_10007024, P_fucata|Pma_10007429, P_fucata|Pma_10008755, P_fucata|Pma_10009009, P_fucata|Pma_10010284, P_fucata|Pma_10010736, P_fucata|Pma_10011065, P_fucata|Pma_10011110, P_fucata|Pma_10011394, P_fucata|Pma_10012443, P_fucata|Pma_10013403, P_fucata|Pma_10013450, P_fucata|Pma_10013452, P_fucata|Pma_10013560, P_fucata|Pma_10013561, P_fucata|Pma_10013599, P_fucata|Pma_10014320, P_fucata|Pma_10016081, P_fucata|Pma_10016439, P_fucata|Pma_10016667, P_fucata|Pma_10018175, P_fucata|Pma_10018321, P_fucata|Pma_10019583, P_fucata|Pma_10020252, P_fucata|Pma_10020542, P_fucata|Pma_10020684, P_fucata|Pma_10021692, P_fucata|Pma_10021806, P_fucata|Pma_10021855, P_fucata|Pma_10022327, P_fucata|Pma_10022476, P_fucata|Pma_10022590, P_fucata|Pma_10023184, P_fucata|Pma_10023239, P_fucata|Pma_10023292, P_fucata|Pma_10023372, P_fucata|Pma_10023966, P_fucata|Pma_10024686, P_fucata|Pma_10025744, P_fucata|Pma_10026409, P_fucata|Pma_10026948, P_fucata|Pma_10027321, P_fucata|Pma_10028434, P_fucata|Pma_10029440, P_fucata|Pma_10030542, P_fucata|Pma_10030764, P_fucata|Pma_10030882, P_fucata|Pma_10031645	
N2.HOG0000070	OG0000019	n3		B_glabrata|XP_013085161.1	C_virginica|XP_022338983.1		L_gigantea|XP_009050388.1			S_constricta|evm.model.ctg23.32
N2.HOG0000071	OG0000019	n8			C_virginica|XP_022291061.1				P_fucata|Pma_10019755	S_constricta|evm.model.ctg159.29
N2.HOG0000072	OG0000019	n11	A_granulata|model.g7414.t1_1	B_glabrata|XP_013083944.1	C_virginica|XP_022314994.1		L_gigantea|XP_009059734.1		P_fucata|Pma_10027659	S_constricta|evm.model.ctg128.7, S_constricta|evm.model.ctg9.1
N2.HOG0000073	OG0000019	n19	A_granulata|model.g14035.t1_1	B_glabrata|XP_013072245.1	C_virginica|XP_022337519.1		L_gigantea|XP_009062371.1		P_fucata|Pma_10025141	S_constricta|evm.model.ctg859.12
N2.HOG0000074	OG0000019	n26	A_granulata|model.g11695.t1_1		C_virginica|XP_022313091.1, C_virginica|XP_022313389.1		L_gigantea|XP_009053791.1, L_gigantea|XP_009054782.1		P_fucata|Pma_10004783, P_fucata|Pma_10004784	S_constricta|evm.model.ctg117.11, S_constricta|evm.model.ctg139.17
N2.HOG0000075	OG0000019	n35	A_granulata|model.g7451.t1_1		C_virginica|XP_022312847.1, C_virginica|XP_022312947.1, C_virginica|XP_022318187.1		L_gigantea|XP_009044088.1, L_gigantea|XP_009057899.1, L_gigantea|XP_009063508.1		P_fucata|Pma_10004192, P_fucata|Pma_10020247	S_constricta|evm.model.ctg274.25, S_constricta|evm.model.ctg510.19
N2.HOG0000076	OG0000019	n46		B_glabrata|XP_013063444.1						
N2.HOG0000077	OG0000019	n48	A_granulata|model.g11738.t1.5.5d3b86a4_1		C_virginica|XP_022302633.1		L_gigantea|XP_009056958.1		P_fucata|Pma_10013841, P_fucata|Pma_10023026	S_constricta|evm.model.ctg84.12
N2.HOG0000078	OG0000019	n53	A_granulata|model.g8205.t1_1		C_virginica|XP_022313153.1		L_gigantea|XP_009047890.1		P_fucata|Pma_10003080	S_constricta|evm.model.ctg131.22, S_constricta|evm.model.ctg131.23
N2.HOG0000079	OG0000020	n9			C_virginica|XP_022331975.1, C_virginica|XP_022331976.1					
N2.HOG0000080	OG0000020	n12	A_granulata|model.g11218.t1_1, A_granulata|model.g11836.t1_1, A_granulata|model.g12669.t1_1, A_granulata|model.g27971.t1_1	B_glabrata|XP_013063795.1						
N2.HOG0000081	OG0000020	n16	A_granulata|model.g12028.t1_1, A_granulata|model.g12671.t1_1				L_gigantea|XP_009057758.1			
N2.HOG0000082	OG0000020	n18		B_glabrata|XP_013079560.1, B_glabrata|XP_013082920.1			L_gigantea|XP_009046332.1, L_gigantea|XP_009046333.1, L_gigantea|XP_009046334.1, L_gigantea|XP_009047653.1, L_gigantea|XP_009051451.1, L_gigantea|XP_009051452.1, L_gigantea|XP_009054607.1, L_gigantea|XP_009059079.1		P_fucata|Pma_10001746, P_fucata|Pma_10019387, P_fucata|Pma_10020902, P_fucata|Pma_10026027	S_constricta|evm.model.ctg1086.11, S_constricta|evm.model.ctg1086.12, S_constricta|evm.model.ctg1086.13, S_constricta|evm.model.ctg1086.9, S_constricta|evm.model.ctg1723.2, S_constricta|evm.model.ctg189.107, S_constricta|evm.model.ctg2779.2, S_constricta|evm.model.ctg28.4, S_constricta|evm.model.ctg3.92, S_constricta|evm.model.ctg5497.1, S_constricta|evm.model.ctg6487.1, S_constricta|evm.model.ctg727.2, S_constricta|evm.model.ctg727.3, S_constricta|evm.model.ctg727.4
N2.HOG0000083	OG0000020	n45	A_granulata|evm.model.Super-Scaffold_100008.138_1, A_granulata|evm.model.Super-Scaffold_505.2085_1, A_granulata|evm.model.Super-Scaffold_505.316_1, A_granulata|model.g12858.t1_1, A_granulata|model.g28815.t1_1, A_granulata|model.g28987.t1_1, A_granulata|model.g29636.t1_1, A_granulata|model.g30887.t1_1, A_granulata|model.g3103.t1_1, A_granulata|model.g31254.t1.2.5d3b8d4b_1							S_constricta|evm.model.ctg636.4_evm.model.ctg636.5
N2.HOG0000084	OG0000021	n0	A_granulata|evm.model.Super-Scaffold_100012.51_1, A_granulata|model.g31071.t1_1		C_virginica|XP_022291094.1, C_virginica|XP_022291640.1, C_virginica|XP_022293003.1, C_virginica|XP_022304791.1, C_virginica|XP_022308078.1, C_virginica|XP_022317583.1, C_virginica|XP_022319163.1, C_virginica|XP_022320337.1, C_virginica|XP_022330434.1, C_virginica|XP_022342549.1		L_gigantea|XP_009045657.1, L_gigantea|XP_009053740.1, L_gigantea|XP_009056174.1, L_gigantea|XP_009061998.1		P_fucata|Pma_10000128, P_fucata|Pma_10001900, P_fucata|Pma_10004526, P_fucata|Pma_10004553, P_fucata|Pma_10007653, P_fucata|Pma_10011278, P_fucata|Pma_10018494, P_fucata|Pma_10018803, P_fucata|Pma_10021273, P_fucata|Pma_10025973, P_fucata|Pma_10031676, P_fucata|Pma_154.293, P_fucata|Pma_211.729, P_fucata|Pma_220.644, P_fucata|Pma_285.110, P_fucata|Pma_291.611, P_fucata|Pma_312.314, P_fucata|Pma_324.215, P_fucata|Pma_330.410, P_fucata|Pma_388.228, P_fucata|Pma_520.689, P_fucata|Pma_541.364, P_fucata|Pma_563.627	S_constricta|evm.model.ctg1671.1, S_constricta|evm.model.ctg3068.1
N2.HOG0000085	OG0000023	n0	A_granulata|evm.model.Super-Scaffold_100002.117_1	B_glabrata|XP_013069100.1	C_virginica|XP_022322019.1		L_gigantea|XP_009044903.1		P_fucata|Pma_10014854	S_constricta|evm.model.ctg238.53
N2.HOG0000086	OG0000024	n0	A_granulata|evm.model.Super-Scaffold_100005.884_1	B_glabrata|XP_013079153.1	C_virginica|XP_022319000.1		L_gigantea|XP_009056746.1		P_fucata|Pma_10012487	S_constricta|evm.model.ctg14.39
N2.HOG0000087	OG0000025	n0	A_granulata|evm.model.Super-Scaffold_100008.679_1	B_glabrata|XP_013070418.1	C_virginica|XP_022316668.1		L_gigantea|XP_009048639.1		P_fucata|Pma_10016699	S_constricta|evm.model.ctg97.43
N2.HOG0000088	OG0000026	n0	A_granulata|evm.model.Super-Scaffold_100010.607_1	B_glabrata|XP_013085147.1	C_virginica|XP_022344839.1		L_gigantea|XP_009051788.1		P_fucata|Pma_10004014	S_constricta|evm.model.ctg1004.16
N2.HOG0000089	OG0000027	n0	A_granulata|evm.model.Super-Scaffold_100013.373_1	B_glabrata|XP_013079423.1	C_virginica|XP_022341852.1		L_gigantea|XP_009058327.1		P_fucata|Pma_10008115	S_constricta|evm.model.ctg660.7
N2.HOG0000090	OG0000028	n0	A_granulata|evm.model.Super-Scaffold_100025.188_1	B_glabrata|XP_013064541.1	C_virginica|XP_022321873.1		L_gigantea|XP_009050366.1		P_fucata|Pma_10025415	S_constricta|evm.model.ctg930.2
N2.HOG0000091	OG0000029	n0	A_granulata|model.g2134.t1_1	B_glabrata|XP_013084231.1	C_virginica|XP_022344457.1		L_gigantea|XP_009051479.1		P_fucata|Pma_10031590	S_constricta|evm.model.ctg492.4
N2.HOG0000092	OG0000030	n0	A_granulata|model.g1298.t1_1	B_glabrata|XP_013088149.1	C_virginica|XP_022308357.1		L_gigantea|XP_009051490.1		P_fucata|Pma_10019276	S_constricta|evm.model.ctg40.49
N2.HOG0000093	OG0000031	n0	A_granulata|model.g100.t1_1	B_glabrata|XP_013061816.1	C_virginica|XP_022328400.1		L_gigantea|XP_009055442.1		P_fucata|Pma_10004601	S_constricta|evm.model.ctg142.10
N2.HOG0000094	OG0000032	n0	A_granulata|model.g501.t1_1	B_glabrata|XP_013081362.1	C_virginica|XP_022338696.1		L_gigantea|XP_009048498.1		P_fucata|Pma_10001679	S_constricta|evm.model.ctg145.40
N2.HOG0000095	OG0000033	n0	A_granulata|model.g1883.t1_1	B_glabrata|XP_013091381.1	C_virginica|XP_022343803.1		L_gigantea|XP_009056300.1		P_fucata|Pma_10026789	S_constricta|evm.model.ctg647.9
N2.HOG0000096	OG0000034	n0	A_granulata|model.g1662.t1_1	B_glabrata|XP_013078957.1	C_virginica|XP_022343845.1		L_gigantea|XP_009054295.1		P_fucata|Pma_10032131	S_constricta|evm.model.ctg613.8
N2.HOG0000097	OG0000035	n0	A_granulata|model.g3215.t1_1	B_glabrata|XP_013075562.1	C_virginica|XP_022313863.1		L_gigantea|XP_009063552.1		P_fucata|Pma_10016128	S_constricta|evm.model.ctg392.9
N2.HOG0000098	OG0000036	n0	A_granulata|model.g3997.t1_1	B_glabrata|XP_013064900.1	C_virginica|XP_022314684.1		L_gigantea|XP_009048015.1		P_fucata|Pma_10028537	S_constricta|evm.model.ctg96.20
N2.HOG0000099	OG0000037	n0	A_granulata|model.g4135.t1_1	B_glabrata|XP_013085046.1	C_virginica|XP_022316489.1		L_gigantea|XP_009045422.1		P_fucata|Pma_10007898	S_constricta|evm.model.ctg533.29
N2.HOG0000100	OG0000038	n0	A_granulata|model.g3909.t1_1	B_glabrata|XP_013077767.1	C_virginica|XP_022314870.1		L_gigantea|XP_009067307.1		P_fucata|Pma_225.222	S_constricta|evm.model.ctg1402.5
N2.HOG0000101	OG0000039	n0	A_granulata|model.g5912.t1_1	B_glabrata|XP_013086056.1	C_virginica|XP_022309414.1		L_gigantea|XP_009046521.1		P_fucata|Pma_10017118	S_constricta|evm.model.ctg271.100
N2.HOG0000102	OG0000040	n0	A_granulata|model.g6072.t1_1	B_glabrata|XP_013079984.1	C_virginica|XP_022332522.1		L_gigantea|XP_009047712.1		P_fucata|Pma_10009782	S_constricta|evm.model.ctg76.36
N2.HOG0000103	OG0000041	n0	A_granulata|model.g8800.t1_1	B_glabrata|XP_013075181.1	C_virginica|XP_022301526.1		L_gigantea|XP_009050006.1		P_fucata|Pma_10020132	S_constricta|evm.model.ctg64.47
N2.HOG0000104	OG0000042	n0	A_granulata|model.g8671.t1_1	B_glabrata|XP_013068776.1	C_virginica|XP_022300046.1		L_gigantea|XP_009062528.1		P_fucata|Pma_10002130	S_constricta|evm.model.ctg154.29
N2.HOG0000105	OG0000043	n0	A_granulata|model.g9992.t1_1	B_glabrata|XP_013064636.1	C_virginica|XP_022322855.1		L_gigantea|XP_009045632.1		P_fucata|Pma_10008006	S_constricta|evm.model.ctg491.9
N2.HOG0000106	OG0000044	n0	A_granulata|model.g9597.t1_1	B_glabrata|XP_013096019.1	C_virginica|XP_022334366.1		L_gigantea|XP_009057767.1		P_fucata|Pma_10030088	S_constricta|evm.model.ctg340.12
N2.HOG0000107	OG0000045	n0	A_granulata|model.g11944.t1_1	B_glabrata|XP_013086308.1	C_virginica|XP_022317065.1		L_gigantea|XP_009043858.1		P_fucata|Pma_10002234	S_constricta|evm.model.ctg968.2
N2.HOG0000108	OG0000046	n0	A_granulata|model.g13152.t1_1	B_glabrata|XP_013066099.1	C_virginica|XP_022325540.1		L_gigantea|XP_009060904.1		P_fucata|Pma_10027324	S_constricta|evm.model.ctg667.12
N2.HOG0000109	OG0000047	n0	A_granulata|model.g15250.t1_1	B_glabrata|XP_013082575.1	C_virginica|XP_022333984.1		L_gigantea|XP_009059115.1		P_fucata|Pma_10023216	S_constricta|evm.model.ctg1.21
N2.HOG0000110	OG0000048	n0	A_granulata|model.g15596.t1_1	B_glabrata|XP_013086900.1	C_virginica|XP_022330767.1		L_gigantea|XP_009064850.1		P_fucata|Pma_10003678	S_constricta|evm.model.ctg1.125_evm.model.ctg1.126
N2.HOG0000111	OG0000049	n0	A_granulata|model.g17957.t1_1	B_glabrata|XP_013067132.1	C_virginica|XP_022333004.1		L_gigantea|XP_009043632.1		P_fucata|Pma_10020653	S_constricta|evm.model.ctg388.17
N2.HOG0000112	OG0000050	n0	A_granulata|model.g30402.t1_1	B_glabrata|XP_013095945.1	C_virginica|XP_022340056.1		L_gigantea|XP_009053420.1		P_fucata|Pma_10006139	S_constricta|evm.model.ctg51.64
N2.HOG0000113	OG0000051	n0	A_granulata|model.g29359.t1_1	B_glabrata|XP_013090147.1	C_virginica|XP_022343998.1		L_gigantea|XP_009050923.1		P_fucata|Pma_10021729	S_constricta|evm.model.ctg185.15
N2.HOG0000114	OG0000052	n0	A_granulata|model.g28777.t1_1	B_glabrata|XP_013088196.1	C_virginica|XP_022345957.1		L_gigantea|XP_009054282.1		P_fucata|Pma_10014024	S_constricta|evm.model.ctg101.83
N2.HOG0000115	OG0000053	n0	A_granulata|model.g29911.t1_1	B_glabrata|XP_013067251.1	C_virginica|XP_022286161.1		L_gigantea|XP_009066668.1		P_fucata|Pma_10029871	S_constricta|evm.model.ctg1651.2
N2.HOG0000116	OG0000054	n0	A_granulata|model.g1284.t1.1.5d3b82d5_1	B_glabrata|XP_013065711.1	C_virginica|XP_022343743.1		L_gigantea|XP_009044613.1		P_fucata|Pma_10029064	S_constricta|evm.model.ctg775.15
N2.HOG0000117	OG0000055	n0	A_granulata|model.g2097.t1_1	B_glabrata|XP_013087945.1	C_virginica|XP_022345421.1		L_gigantea|XP_009066700.1		P_fucata|Pma_10017450	S_constricta|evm.model.ctg1149.7
N2.HOG0000118	OG0000056	n0	A_granulata|model.g89.t1.1.5d3b81fd_1	B_glabrata|XP_013082149.1	C_virginica|XP_022329200.1		L_gigantea|XP_009054866.1		P_fucata|Pma_10015971	S_constricta|evm.model.ctg1239.1
N2.HOG0000119	OG0000057	n0	A_granulata|model.g763.t1_model.g765.t1_1	B_glabrata|XP_013065610.1	C_virginica|XP_022288607.1		L_gigantea|XP_009047623.1		P_fucata|Pma_10013840	S_constricta|evm.model.ctg138.11
N2.HOG0000120	OG0000058	n0	A_granulata|model.g4291.t1_1	B_glabrata|XP_013076231.1	C_virginica|XP_022317557.1		L_gigantea|XP_009060107.1		P_fucata|Pma_10014039	S_constricta|evm.model.ctg96.49
N2.HOG0000121	OG0000059	n0	A_granulata|model.g6491.t1.1.5d3b8503_1	B_glabrata|XP_013083411.1	C_virginica|XP_022295132.1		L_gigantea|XP_009060271.1		P_fucata|Pma_10022791	S_constricta|evm.model.ctg639.2
N2.HOG0000122	OG0000060	n0	A_granulata|model.g7388.t1_1	B_glabrata|XP_013072764.1	C_virginica|XP_022316787.1		L_gigantea|XP_009056650.1		P_fucata|Pma_10022841	S_constricta|evm.model.ctg74.29
N2.HOG0000123	OG0000061	n0	A_granulata|model.g7604.t1.1.5d3b84b3_1	B_glabrata|XP_013096882.1	C_virginica|XP_022296668.1		L_gigantea|XP_009053673.1		P_fucata|Pma_10032223	S_constricta|evm.model.ctg210.6
N2.HOG0000124	OG0000062	n0	A_granulata|model.g8718.t1.1.5d3b85ae_1	B_glabrata|XP_013065247.1	C_virginica|XP_022298945.1		L_gigantea|XP_009059459.1		P_fucata|Pma_10006927	S_constricta|evm.model.ctg230.1
N2.HOG0000125	OG0000063	n0	A_granulata|model.g7299.t1_1	B_glabrata|XP_013084385.1	C_virginica|XP_022313813.1		L_gigantea|XP_009053421.1		P_fucata|Pma_10026025	S_constricta|evm.model.ctg131.13
N2.HOG0000126	OG0000064	n0	A_granulata|model.g13274.t1_1	B_glabrata|XP_013061978.1	C_virginica|XP_022320821.1		L_gigantea|XP_009051192.1		P_fucata|Pma_10001281	S_constricta|evm.model.ctg1020.4
N2.HOG0000127	OG0000065	n0	A_granulata|model.g17523.t1_1	B_glabrata|XP_013084680.1	C_virginica|XP_022340992.1		L_gigantea|XP_009050443.1		P_fucata|Pma_10008428	S_constricta|evm.model.ctg502.6
N2.HOG0000128	OG0000066	n0	A_granulata|model.g17660.t1_1	B_glabrata|XP_013080185.1	C_virginica|XP_022332899.1		L_gigantea|XP_009046288.1		P_fucata|Pma_10031684	S_constricta|evm.model.ctg442.45
N2.HOG0000129	OG0000067	n0	A_granulata|model.g20823.t1_1	B_glabrata|XP_013070700.1	C_virginica|XP_022321982.1		L_gigantea|XP_009050729.1		P_fucata|Pma_10022889	S_constricta|evm.model.ctg249.21
N2.HOG0000130	OG0000068	n0	A_granulata|model.g29179.t1_1	B_glabrata|XP_013071542.1	C_virginica|XP_022341053.1		L_gigantea|XP_009064827.1		P_fucata|Pma_10017451	S_constricta|evm.model.ctg1547.1
N2.HOG0000131	OG0000069	n0	A_granulata|model.g31682.t1_1	B_glabrata|XP_013063965.1	C_virginica|XP_022322535.1		L_gigantea|XP_009048448.1		P_fucata|Pma_10015959	S_constricta|evm.model.ctg381.13
N2.HOG0000132	OG0000070	n0	A_granulata|model.g32000.t1_1	B_glabrata|XP_013067166.1	C_virginica|XP_022333852.1		L_gigantea|XP_009063619.1		P_fucata|Pma_10013995	S_constricta|evm.model.ctg367.23
N2.HOG0000133	OG0000071	-			C_virginica|XP_022343574.1, C_virginica|XP_022334317.1				P_fucata|Pma_10031795	
N2.HOG0000134	OG0000073	-		B_glabrata|XP_013074268.1			L_gigantea|XP_009053293.1			
N2.HOG0000135	OG0000078	-							P_fucata|Pma_10004484	S_constricta|evm.model.ctg149.2
