HOG	OG	Gene Tree Parent Clade	A_granulata_2	B_glabrata_2	C_virginica_2	H_robusta_2	L_gigantea_2	O_bimaculoides_2	P_fucata_2	S_constricta_2
N6.HOG0000000	OG0000000	n10							P_fucata|Pma_10011348	
N6.HOG0000001	OG0000003	n4			C_virginica|XP_022337452.1				P_fucata|Pma_10016768, P_fucata|Pma_10018667, P_fucata|Pma_10019567, P_fucata|Pma_10026084	
N6.HOG0000002	OG0000003	n23			C_virginica|XP_022296221.1					
N6.HOG0000003	OG0000003	n25			C_virginica|XP_022296188.1, C_virginica|XP_022301452.1				P_fucata|Pma_10005546	
N6.HOG0000004	OG0000003	n31			C_virginica|XP_022305689.1, C_virginica|XP_022309521.1				P_fucata|Pma_10010620, P_fucata|Pma_10029768	
N6.HOG0000005	OG0000003	n34			C_virginica|XP_022328732.1, C_virginica|XP_022328733.1, C_virginica|XP_022330423.1, C_virginica|XP_022333686.1, C_virginica|XP_022333687.1, C_virginica|XP_022333990.1, C_virginica|XP_022333991.1, C_virginica|XP_022335114.1, C_virginica|XP_022335146.1, C_virginica|XP_022339384.1				P_fucata|Pma_10026467, P_fucata|Pma_10026468	
N6.HOG0000006	OG0000003	n46							P_fucata|Pma_10013537, P_fucata|Pma_10022917	
N6.HOG0000007	OG0000003	n48							P_fucata|Pma_10006800	
N6.HOG0000008	OG0000003	n49							P_fucata|Pma_10012388, P_fucata|Pma_10024688, P_fucata|Pma_10024689	
N6.HOG0000009	OG0000003	n64			C_virginica|XP_022343542.1				P_fucata|Pma_10003317	
N6.HOG0000010	OG0000003	n67			C_virginica|XP_022309038.1, C_virginica|XP_022310239.1, C_virginica|XP_022310240.1, C_virginica|XP_022310854.1, C_virginica|XP_022310856.1, C_virginica|XP_022331274.1, C_virginica|XP_022337605.1, C_virginica|XP_022345326.1				P_fucata|Pma_10004263, P_fucata|Pma_10006091, P_fucata|Pma_10008865, P_fucata|Pma_10012847, P_fucata|Pma_10014369, P_fucata|Pma_10024776, P_fucata|Pma_10024777, P_fucata|Pma_10024778, P_fucata|Pma_10026952, P_fucata|Pma_10031663, P_fucata|Pma_10031664, P_fucata|Pma_231.16	
N6.HOG0000011	OG0000003	n96			C_virginica|XP_022339391.1				P_fucata|Pma_10.1359	
N6.HOG0000012	OG0000003	n98			C_virginica|XP_022330926.1, C_virginica|XP_022330927.1, C_virginica|XP_022330928.1					
N6.HOG0000013	OG0000003	n101			C_virginica|XP_022287104.1, C_virginica|XP_022287107.1, C_virginica|XP_022289652.1, C_virginica|XP_022290415.1, C_virginica|XP_022290497.1, C_virginica|XP_022290814.1, C_virginica|XP_022290815.1, C_virginica|XP_022292929.1, C_virginica|XP_022293075.1, C_virginica|XP_022293077.1, C_virginica|XP_022293080.1, C_virginica|XP_022293349.1, C_virginica|XP_022293350.1, C_virginica|XP_022293573.1, C_virginica|XP_022293578.1, C_virginica|XP_022294154.1, C_virginica|XP_022294207.1, C_virginica|XP_022294432.1, C_virginica|XP_022294646.1, C_virginica|XP_022294732.1, C_virginica|XP_022294733.1, C_virginica|XP_022294739.1, C_virginica|XP_022294740.1, C_virginica|XP_022294741.1, C_virginica|XP_022294750.1, C_virginica|XP_022295028.1, C_virginica|XP_022295064.1, C_virginica|XP_022295073.1, C_virginica|XP_022297397.1, C_virginica|XP_022299379.1, C_virginica|XP_022300762.1					
N6.HOG0000014	OG0000003	n132			C_virginica|XP_022332278.1				P_fucata|Pma_1.232, P_fucata|Pma_10001023, P_fucata|Pma_10002742, P_fucata|Pma_10003793, P_fucata|Pma_10004519, P_fucata|Pma_10004520, P_fucata|Pma_10007192, P_fucata|Pma_10021076, P_fucata|Pma_10021077, P_fucata|Pma_10028043, P_fucata|Pma_145.761, P_fucata|Pma_201.324, P_fucata|Pma_453.236, P_fucata|Pma_5.1168	
N6.HOG0000015	OG0000003	n147			C_virginica|XP_022335781.1, C_virginica|XP_022343659.1, C_virginica|XP_022344015.1, C_virginica|XP_022344065.1				P_fucata|Pma_10002536, P_fucata|Pma_10010621, P_fucata|Pma_10012077, P_fucata|Pma_10013353, P_fucata|Pma_10022603, P_fucata|Pma_10027183, P_fucata|Pma_10031633, P_fucata|Pma_328.141	
N6.HOG0000016	OG0000003	n187							P_fucata|Pma_10018317, P_fucata|Pma_10026479	
N6.HOG0000017	OG0000003	n190			C_virginica|XP_022295699.1, C_virginica|XP_022295727.1, C_virginica|XP_022295728.1, C_virginica|XP_022299926.1				P_fucata|Pma_10014538, P_fucata|Pma_10029981, P_fucata|Pma_10029982, P_fucata|Pma_10030213	
N6.HOG0000018	OG0000003	n197			C_virginica|XP_022304396.1				P_fucata|Pma_10018092, P_fucata|Pma_10029971, P_fucata|Pma_424.232	
N6.HOG0000019	OG0000004	n1			C_virginica|XP_022290176.1, C_virginica|XP_022300903.1, C_virginica|XP_022301088.1, C_virginica|XP_022303340.1, C_virginica|XP_022303344.1, C_virginica|XP_022303346.1, C_virginica|XP_022303356.1, C_virginica|XP_022303357.1, C_virginica|XP_022303488.1, C_virginica|XP_022303537.1, C_virginica|XP_022303548.1, C_virginica|XP_022303550.1, C_virginica|XP_022303619.1, C_virginica|XP_022303685.1, C_virginica|XP_022304173.1, C_virginica|XP_022304174.1, C_virginica|XP_022304367.1, C_virginica|XP_022304589.1, C_virginica|XP_022304591.1, C_virginica|XP_022304592.1, C_virginica|XP_022304600.1, C_virginica|XP_022304875.1, C_virginica|XP_022304878.1, C_virginica|XP_022304882.1, C_virginica|XP_022304886.1, C_virginica|XP_022304915.1, C_virginica|XP_022304917.1, C_virginica|XP_022305030.1, C_virginica|XP_022305080.1, C_virginica|XP_022305088.1, C_virginica|XP_022305382.1, C_virginica|XP_022305385.1, C_virginica|XP_022305386.1, C_virginica|XP_022305387.1, C_virginica|XP_022305395.1, C_virginica|XP_022305396.1, C_virginica|XP_022305399.1, C_virginica|XP_022305401.1, C_virginica|XP_022305402.1, C_virginica|XP_022305729.1, C_virginica|XP_022305732.1, C_virginica|XP_022305735.1, C_virginica|XP_022305737.1, C_virginica|XP_022305738.1, C_virginica|XP_022305741.1, C_virginica|XP_022305742.1, C_virginica|XP_022305748.1, C_virginica|XP_022305752.1, C_virginica|XP_022305756.1, C_virginica|XP_022305757.1, C_virginica|XP_022305760.1, C_virginica|XP_022306484.1, C_virginica|XP_022306485.1, C_virginica|XP_022306488.1, C_virginica|XP_022306937.1, C_virginica|XP_022306955.1, C_virginica|XP_022306978.1, C_virginica|XP_022306990.1, C_virginica|XP_022306996.1, C_virginica|XP_022307015.1, C_virginica|XP_022307370.1, C_virginica|XP_022307748.1, C_virginica|XP_022307750.1, C_virginica|XP_022307793.1, C_virginica|XP_022307795.1, C_virginica|XP_022307818.1, C_virginica|XP_022307830.1, C_virginica|XP_022307835.1, C_virginica|XP_022307837.1, C_virginica|XP_022307841.1, C_virginica|XP_022307844.1, C_virginica|XP_022307845.1, C_virginica|XP_022307862.1, C_virginica|XP_022307866.1, C_virginica|XP_022307870.1, C_virginica|XP_022307871.1, C_virginica|XP_022307874.1, C_virginica|XP_022307879.1, C_virginica|XP_022307883.1, C_virginica|XP_022307884.1, C_virginica|XP_022308373.1, C_virginica|XP_022308423.1, C_virginica|XP_022309506.1, C_virginica|XP_022309507.1, C_virginica|XP_022309553.1, C_virginica|XP_022309674.1, C_virginica|XP_022309926.1, C_virginica|XP_022309955.1, C_virginica|XP_022310709.1, C_virginica|XP_022310759.1, C_virginica|XP_022310878.1, C_virginica|XP_022310960.1, C_virginica|XP_022311693.1, C_virginica|XP_022311697.1, C_virginica|XP_022311843.1, C_virginica|XP_022311848.1, C_virginica|XP_022312694.1, C_virginica|XP_022326735.1, C_virginica|XP_022338718.1				P_fucata|Pma_10025331	
N6.HOG0000020	OG0000004	n101			C_virginica|XP_022286479.1, C_virginica|XP_022286717.1, C_virginica|XP_022287415.1, C_virginica|XP_022287464.1, C_virginica|XP_022288574.1, C_virginica|XP_022288791.1, C_virginica|XP_022289418.1, C_virginica|XP_022289447.1, C_virginica|XP_022289654.1, C_virginica|XP_022289706.1, C_virginica|XP_022289715.1, C_virginica|XP_022289727.1, C_virginica|XP_022289935.1, C_virginica|XP_022289938.1, C_virginica|XP_022289949.1, C_virginica|XP_022289967.1, C_virginica|XP_022290289.1, C_virginica|XP_022290581.1, C_virginica|XP_022290620.1, C_virginica|XP_022290649.1, C_virginica|XP_022292876.1, C_virginica|XP_022294925.1, C_virginica|XP_022297668.1, C_virginica|XP_022303399.1, C_virginica|XP_022305270.1, C_virginica|XP_022305518.1, C_virginica|XP_022306155.1, C_virginica|XP_022306229.1, C_virginica|XP_022306742.1, C_virginica|XP_022306746.1, C_virginica|XP_022306748.1, C_virginica|XP_022306863.1, C_virginica|XP_022306864.1, C_virginica|XP_022307060.1, C_virginica|XP_022307062.1, C_virginica|XP_022307426.1, C_virginica|XP_022307677.1, C_virginica|XP_022307682.1, C_virginica|XP_022307702.1, C_virginica|XP_022307722.1, C_virginica|XP_022307726.1, C_virginica|XP_022307728.1, C_virginica|XP_022307729.1, C_virginica|XP_022307732.1, C_virginica|XP_022307742.1, C_virginica|XP_022307756.1, C_virginica|XP_022307760.1, C_virginica|XP_022307761.1, C_virginica|XP_022307769.1, C_virginica|XP_022307839.1, C_virginica|XP_022307877.1, C_virginica|XP_022307885.1, C_virginica|XP_022307962.1, C_virginica|XP_022308427.1, C_virginica|XP_022308432.1, C_virginica|XP_022308442.1, C_virginica|XP_022308515.1, C_virginica|XP_022309374.1, C_virginica|XP_022309512.1, C_virginica|XP_022309653.1, C_virginica|XP_022309654.1, C_virginica|XP_022309655.1, C_virginica|XP_022309673.1, C_virginica|XP_022309677.1, C_virginica|XP_022309678.1, C_virginica|XP_022309687.1, C_virginica|XP_022309842.1, C_virginica|XP_022310311.1				P_fucata|Pma_10021546	
N6.HOG0000021	OG0000006	n0							P_fucata|Pma_10002083	
N6.HOG0000022	OG0000007	n4			C_virginica|XP_022308431.1				P_fucata|Pma_10017847	
N6.HOG0000023	OG0000007	n13			C_virginica|XP_022307961.1				P_fucata|Pma_10010607, P_fucata|Pma_532.177	
N6.HOG0000024	OG0000007	n28							P_fucata|Pma_10023862	
N6.HOG0000025	OG0000007	n41			C_virginica|XP_022319262.1					
N6.HOG0000026	OG0000007	n44			C_virginica|XP_022316903.1				P_fucata|Pma_10001157	
N6.HOG0000027	OG0000007	n49			C_virginica|XP_022286090.1					
N6.HOG0000028	OG0000007	n53			C_virginica|XP_022291943.1					
N6.HOG0000029	OG0000007	n62							P_fucata|Pma_10004348	
N6.HOG0000030	OG0000007	n63							P_fucata|Pma_10009355	
N6.HOG0000031	OG0000007	n65			C_virginica|XP_022326937.1				P_fucata|Pma_10023863	
N6.HOG0000032	OG0000007	n76			C_virginica|XP_022292027.1				P_fucata|Pma_10030419	
N6.HOG0000033	OG0000007	n79			C_virginica|XP_022289925.1				P_fucata|Pma_10006875, P_fucata|Pma_207.322	
N6.HOG0000034	OG0000007	n83			C_virginica|XP_022328330.1				P_fucata|Pma_10007466, P_fucata|Pma_10016649, P_fucata|Pma_10023861	
N6.HOG0000035	OG0000007	n92			C_virginica|XP_022324615.1				P_fucata|Pma_10016536	
N6.HOG0000036	OG0000007	n100							P_fucata|Pma_10032672	
N6.HOG0000037	OG0000007	n106			C_virginica|XP_022320319.1, C_virginica|XP_022320653.1				P_fucata|Pma_10027249	
N6.HOG0000038	OG0000007	n108			C_virginica|XP_022340779.1				P_fucata|Pma_10017849	
N6.HOG0000039	OG0000007	n115			C_virginica|XP_022309837.1				P_fucata|Pma_10008710	
N6.HOG0000040	OG0000007	n121			C_virginica|XP_022342129.1					
N6.HOG0000041	OG0000008	n1			C_virginica|XP_022336556.1				P_fucata|Pma_10009170, P_fucata|Pma_10013104, P_fucata|Pma_10018523, P_fucata|Pma_10032670	
N6.HOG0000042	OG0000008	n5			C_virginica|XP_022328162.1				P_fucata|Pma_10000381, P_fucata|Pma_10000932, P_fucata|Pma_10001198, P_fucata|Pma_10001272, P_fucata|Pma_10001395, P_fucata|Pma_10002023, P_fucata|Pma_10002741, P_fucata|Pma_10002834, P_fucata|Pma_10002973, P_fucata|Pma_10005046, P_fucata|Pma_10005415, P_fucata|Pma_10005503, P_fucata|Pma_10005812, P_fucata|Pma_10005838, P_fucata|Pma_10006437, P_fucata|Pma_10006710, P_fucata|Pma_10007564, P_fucata|Pma_10009276, P_fucata|Pma_10009288, P_fucata|Pma_10009788, P_fucata|Pma_10010065, P_fucata|Pma_10010252, P_fucata|Pma_10010336, P_fucata|Pma_10010358, P_fucata|Pma_10010850, P_fucata|Pma_10011400, P_fucata|Pma_10011413, P_fucata|Pma_10011621, P_fucata|Pma_10011701, P_fucata|Pma_10012164, P_fucata|Pma_10012601, P_fucata|Pma_10012813, P_fucata|Pma_10012983, P_fucata|Pma_10013457, P_fucata|Pma_10013957, P_fucata|Pma_10014031, P_fucata|Pma_10014274, P_fucata|Pma_10014331, P_fucata|Pma_10014442, P_fucata|Pma_10014461, P_fucata|Pma_10014641, P_fucata|Pma_10014823, P_fucata|Pma_10015213, P_fucata|Pma_10015220, P_fucata|Pma_10015719, P_fucata|Pma_10015948, P_fucata|Pma_10016205, P_fucata|Pma_10016550, P_fucata|Pma_10016596, P_fucata|Pma_10016756, P_fucata|Pma_10016906, P_fucata|Pma_10017036, P_fucata|Pma_10017267, P_fucata|Pma_10017727, P_fucata|Pma_10017760, P_fucata|Pma_10018460, P_fucata|Pma_10018601, P_fucata|Pma_10018689, P_fucata|Pma_10018762, P_fucata|Pma_10018764, P_fucata|Pma_10018782, P_fucata|Pma_10020755, P_fucata|Pma_10020872, P_fucata|Pma_10021130, P_fucata|Pma_10021257, P_fucata|Pma_10021364, P_fucata|Pma_10021465, P_fucata|Pma_10021487, P_fucata|Pma_10021591, P_fucata|Pma_10022256, P_fucata|Pma_10022527, P_fucata|Pma_10022931, P_fucata|Pma_10023276, P_fucata|Pma_10023630, P_fucata|Pma_10023717, P_fucata|Pma_10024277, P_fucata|Pma_10024322, P_fucata|Pma_10025202, P_fucata|Pma_10025225, P_fucata|Pma_10025403, P_fucata|Pma_10025714, P_fucata|Pma_10025742, P_fucata|Pma_10026145, P_fucata|Pma_10026194, P_fucata|Pma_10026204, P_fucata|Pma_10026497, P_fucata|Pma_10026499, P_fucata|Pma_10027002, P_fucata|Pma_10027521, P_fucata|Pma_10027590, P_fucata|Pma_10027927, P_fucata|Pma_10028024, P_fucata|Pma_10028195, P_fucata|Pma_10028243, P_fucata|Pma_10028861, P_fucata|Pma_10028987, P_fucata|Pma_10029267, P_fucata|Pma_10029566, P_fucata|Pma_10029621, P_fucata|Pma_10029625, P_fucata|Pma_10029961, P_fucata|Pma_10030000, P_fucata|Pma_10030056, P_fucata|Pma_10030532, P_fucata|Pma_10031329, P_fucata|Pma_10031879, P_fucata|Pma_10031891, P_fucata|Pma_10032283, P_fucata|Pma_10032441, P_fucata|Pma_10032536, P_fucata|Pma_125.33, P_fucata|Pma_137.648	
N6.HOG0000043	OG0000009	n5			C_virginica|XP_022335688.1				P_fucata|Pma_10032418	
N6.HOG0000044	OG0000009	n11			C_virginica|XP_022316864.1				P_fucata|Pma_10006517	
N6.HOG0000045	OG0000009	n19							P_fucata|Pma_10012721, P_fucata|Pma_10025848	
N6.HOG0000046	OG0000009	n27			C_virginica|XP_022308211.1				P_fucata|Pma_10011588	
N6.HOG0000047	OG0000009	n38			C_virginica|XP_022336489.1				P_fucata|Pma_2.186	
N6.HOG0000048	OG0000009	n39							P_fucata|Pma_10020874	
N6.HOG0000049	OG0000009	n47			C_virginica|XP_022299766.1				P_fucata|Pma_10019736, P_fucata|Pma_10021751	
N6.HOG0000050	OG0000009	n55			C_virginica|XP_022335661.1				P_fucata|Pma_10028191	
N6.HOG0000051	OG0000009	n59			C_virginica|XP_022338842.1, C_virginica|XP_022338942.1					
N6.HOG0000052	OG0000009	n69							P_fucata|Pma_10012832	
N6.HOG0000053	OG0000009	n78			C_virginica|XP_022286105.1, C_virginica|XP_022346077.1					
N6.HOG0000054	OG0000009	n85			C_virginica|XP_022338373.1, C_virginica|XP_022338900.1				P_fucata|Pma_325.96	
N6.HOG0000055	OG0000011	n2							P_fucata|Pma_10023646	
N6.HOG0000056	OG0000011	n60							P_fucata|Pma_10011539	
N6.HOG0000057	OG0000011	n102							P_fucata|Pma_10019860, P_fucata|Pma_55.139	
N6.HOG0000058	OG0000012	n0							P_fucata|Pma_10024425, P_fucata|Pma_10024427, P_fucata|Pma_10024429, P_fucata|Pma_10024431, P_fucata|Pma_10024433, P_fucata|Pma_10024435, P_fucata|Pma_10024437, P_fucata|Pma_10024439, P_fucata|Pma_10024441, P_fucata|Pma_10024443, P_fucata|Pma_10024445, P_fucata|Pma_10024447, P_fucata|Pma_10024449, P_fucata|Pma_10024451, P_fucata|Pma_10024453, P_fucata|Pma_10024455, P_fucata|Pma_10024457, P_fucata|Pma_10024459, P_fucata|Pma_10024461, P_fucata|Pma_10024463, P_fucata|Pma_10024465, P_fucata|Pma_10024467, P_fucata|Pma_10024469, P_fucata|Pma_10024471, P_fucata|Pma_10024473, P_fucata|Pma_10024475, P_fucata|Pma_10024477, P_fucata|Pma_10024479, P_fucata|Pma_10024481, P_fucata|Pma_10024483, P_fucata|Pma_10024485, P_fucata|Pma_10024487, P_fucata|Pma_10024489, P_fucata|Pma_10024491, P_fucata|Pma_10024494, P_fucata|Pma_10024496, P_fucata|Pma_10024498, P_fucata|Pma_10024500, P_fucata|Pma_10024502, P_fucata|Pma_10024504, P_fucata|Pma_10024506, P_fucata|Pma_10024508, P_fucata|Pma_10024510, P_fucata|Pma_10024512, P_fucata|Pma_10024514, P_fucata|Pma_10024516, P_fucata|Pma_10024518, P_fucata|Pma_10024520, P_fucata|Pma_10024522, P_fucata|Pma_10024524, P_fucata|Pma_10024526, P_fucata|Pma_10024528, P_fucata|Pma_10024530, P_fucata|Pma_10024532, P_fucata|Pma_10024534, P_fucata|Pma_10024536, P_fucata|Pma_10024538, P_fucata|Pma_10024540, P_fucata|Pma_10024542, P_fucata|Pma_10024544, P_fucata|Pma_10024546, P_fucata|Pma_10024548, P_fucata|Pma_10024550, P_fucata|Pma_10024552, P_fucata|Pma_10024554, P_fucata|Pma_10024556, P_fucata|Pma_10024558, P_fucata|Pma_10024560, P_fucata|Pma_10024562, P_fucata|Pma_10024564, P_fucata|Pma_10024566, P_fucata|Pma_10024568, P_fucata|Pma_10024570, P_fucata|Pma_10024572, P_fucata|Pma_10024574, P_fucata|Pma_10024576, P_fucata|Pma_10024578, P_fucata|Pma_10024580, P_fucata|Pma_10024582, P_fucata|Pma_10024584, P_fucata|Pma_10024586, P_fucata|Pma_10024588, P_fucata|Pma_10024590, P_fucata|Pma_10024592, P_fucata|Pma_10024594, P_fucata|Pma_10024596, P_fucata|Pma_10024598, P_fucata|Pma_10024600, P_fucata|Pma_10024602, P_fucata|Pma_10024604, P_fucata|Pma_10024606, P_fucata|Pma_10024608, P_fucata|Pma_10024610, P_fucata|Pma_10024612, P_fucata|Pma_10024614, P_fucata|Pma_10024616, P_fucata|Pma_10024618, P_fucata|Pma_10024620, P_fucata|Pma_10024622, P_fucata|Pma_10024624, P_fucata|Pma_10024626, P_fucata|Pma_10024628, P_fucata|Pma_10024630	
N6.HOG0000059	OG0000013	n0			C_virginica|XP_022303194.1, C_virginica|XP_022304147.1, C_virginica|XP_022304232.1, C_virginica|XP_022304272.1, C_virginica|XP_022304397.1, C_virginica|XP_022304465.1, C_virginica|XP_022304650.1, C_virginica|XP_022304826.1, C_virginica|XP_022304902.1, C_virginica|XP_022304926.1, C_virginica|XP_022305368.1, C_virginica|XP_022305369.1, C_virginica|XP_022305636.1, C_virginica|XP_022305639.1, C_virginica|XP_022305644.1, C_virginica|XP_022305646.1, C_virginica|XP_022305647.1, C_virginica|XP_022305648.1, C_virginica|XP_022305652.1, C_virginica|XP_022305656.1, C_virginica|XP_022305661.1, C_virginica|XP_022305671.1, C_virginica|XP_022305672.1, C_virginica|XP_022305675.1, C_virginica|XP_022305678.1, C_virginica|XP_022305679.1, C_virginica|XP_022306351.1, C_virginica|XP_022306357.1, C_virginica|XP_022306358.1, C_virginica|XP_022306359.1, C_virginica|XP_022306362.1, C_virginica|XP_022306364.1, C_virginica|XP_022306367.1, C_virginica|XP_022306369.1, C_virginica|XP_022306385.1, C_virginica|XP_022306463.1, C_virginica|XP_022306465.1, C_virginica|XP_022306466.1, C_virginica|XP_022306468.1, C_virginica|XP_022306472.1, C_virginica|XP_022306473.1, C_virginica|XP_022306474.1, C_virginica|XP_022306475.1, C_virginica|XP_022306479.1, C_virginica|XP_022306483.1, C_virginica|XP_022306710.1, C_virginica|XP_022307477.1, C_virginica|XP_022307478.1, C_virginica|XP_022307479.1, C_virginica|XP_022307480.1, C_virginica|XP_022307619.1, C_virginica|XP_022307622.1, C_virginica|XP_022307623.1, C_virginica|XP_022307624.1, C_virginica|XP_022307630.1, C_virginica|XP_022307631.1, C_virginica|XP_022307633.1, C_virginica|XP_022307634.1, C_virginica|XP_022309564.1, C_virginica|XP_022310056.1, C_virginica|XP_022310070.1, C_virginica|XP_022310242.1, C_virginica|XP_022310258.1, C_virginica|XP_022310797.1, C_virginica|XP_022310798.1, C_virginica|XP_022310804.1, C_virginica|XP_022311307.1, C_virginica|XP_022311308.1, C_virginica|XP_022311310.1, C_virginica|XP_022311311.1, C_virginica|XP_022311460.1, C_virginica|XP_022311480.1, C_virginica|XP_022311594.1, C_virginica|XP_022311708.1, C_virginica|XP_022311860.1, C_virginica|XP_022311861.1, C_virginica|XP_022311867.1, C_virginica|XP_022311877.1, C_virginica|XP_022311879.1, C_virginica|XP_022312370.1, C_virginica|XP_022312453.1, C_virginica|XP_022331776.1, C_virginica|XP_022334804.1				P_fucata|Pma_10011085, P_fucata|Pma_10011366, P_fucata|Pma_108.798	
N6.HOG0000060	OG0000014	n0			C_virginica|XP_022290500.1, C_virginica|XP_022304629.1, C_virginica|XP_022304635.1, C_virginica|XP_022304881.1, C_virginica|XP_022304883.1, C_virginica|XP_022304884.1, C_virginica|XP_022304885.1, C_virginica|XP_022304923.1, C_virginica|XP_022305137.1, C_virginica|XP_022305247.1, C_virginica|XP_022305249.1, C_virginica|XP_022305254.1, C_virginica|XP_022305255.1, C_virginica|XP_022305261.1, C_virginica|XP_022305262.1, C_virginica|XP_022305271.1, C_virginica|XP_022305289.1, C_virginica|XP_022305577.1, C_virginica|XP_022306410.1, C_virginica|XP_022306411.1, C_virginica|XP_022306413.1, C_virginica|XP_022306414.1, C_virginica|XP_022306636.1, C_virginica|XP_022306648.1, C_virginica|XP_022306764.1, C_virginica|XP_022306866.1, C_virginica|XP_022307315.1, C_virginica|XP_022307318.1, C_virginica|XP_022307320.1, C_virginica|XP_022307321.1, C_virginica|XP_022307322.1, C_virginica|XP_022307425.1, C_virginica|XP_022307434.1, C_virginica|XP_022307497.1, C_virginica|XP_022307498.1, C_virginica|XP_022307500.1, C_virginica|XP_022307501.1, C_virginica|XP_022307515.1, C_virginica|XP_022307592.1, C_virginica|XP_022307645.1, C_virginica|XP_022307668.1, C_virginica|XP_022307673.1, C_virginica|XP_022307674.1, C_virginica|XP_022307675.1, C_virginica|XP_022307676.1, C_virginica|XP_022307686.1, C_virginica|XP_022307753.1, C_virginica|XP_022307804.1, C_virginica|XP_022307869.1, C_virginica|XP_022308393.1, C_virginica|XP_022308398.1, C_virginica|XP_022308402.1, C_virginica|XP_022308406.1, C_virginica|XP_022308425.1, C_virginica|XP_022308498.1, C_virginica|XP_022308499.1, C_virginica|XP_022308548.1, C_virginica|XP_022308551.1, C_virginica|XP_022308759.1, C_virginica|XP_022308764.1, C_virginica|XP_022308847.1, C_virginica|XP_022308875.1, C_virginica|XP_022308881.1, C_virginica|XP_022308883.1, C_virginica|XP_022308884.1, C_virginica|XP_022308895.1, C_virginica|XP_022308897.1, C_virginica|XP_022308914.1, C_virginica|XP_022308920.1, C_virginica|XP_022308930.1, C_virginica|XP_022309624.1, C_virginica|XP_022309931.1, C_virginica|XP_022309934.1, C_virginica|XP_022310032.1, C_virginica|XP_022310034.1, C_virginica|XP_022310789.1, C_virginica|XP_022310792.1, C_virginica|XP_022310812.1, C_virginica|XP_022310813.1, C_virginica|XP_022311297.1, C_virginica|XP_022311298.1					
N6.HOG0000061	OG0000015	n7							P_fucata|Pma_10020663	
N6.HOG0000062	OG0000015	n13			C_virginica|XP_022325142.1				P_fucata|Pma_10001006	
N6.HOG0000063	OG0000015	n19			C_virginica|XP_022313105.1					
N6.HOG0000064	OG0000015	n61			C_virginica|XP_022341159.1					
N6.HOG0000065	OG0000016	n9			C_virginica|XP_022293525.1, C_virginica|XP_022294752.1, C_virginica|XP_022308580.1, C_virginica|XP_022332689.1, C_virginica|XP_022334600.1				P_fucata|Pma_10002971, P_fucata|Pma_10002972, P_fucata|Pma_10005410, P_fucata|Pma_10010486, P_fucata|Pma_10013072, P_fucata|Pma_10013074, P_fucata|Pma_10013077, P_fucata|Pma_10013078, P_fucata|Pma_10017082, P_fucata|Pma_10017238, P_fucata|Pma_10019994, P_fucata|Pma_10020228, P_fucata|Pma_10021023, P_fucata|Pma_10026304, P_fucata|Pma_10026305, P_fucata|Pma_10026308, P_fucata|Pma_10026309, P_fucata|Pma_10026311, P_fucata|Pma_10027671, P_fucata|Pma_2.319	
N6.HOG0000066	OG0000017	n9			C_virginica|XP_022344548.1, C_virginica|XP_022344551.1				P_fucata|Pma_10029257, P_fucata|Pma_10029259	
N6.HOG0000067	OG0000017	n12			C_virginica|XP_022343020.1				P_fucata|Pma_10024934	
N6.HOG0000068	OG0000017	n39			C_virginica|XP_022344537.1, C_virginica|XP_022344538.1				P_fucata|Pma_10029261	
N6.HOG0000069	OG0000017	n45			C_virginica|XP_022338110.1				P_fucata|Pma_10003264	
N6.HOG0000070	OG0000017	n47			C_virginica|XP_022344539.1				P_fucata|Pma_10029262	
N6.HOG0000071	OG0000017	n48			C_virginica|XP_022288802.1				P_fucata|Pma_10021622	
N6.HOG0000072	OG0000017	n50			C_virginica|XP_022292738.1				P_fucata|Pma_10031907	
N6.HOG0000073	OG0000017	n53							P_fucata|Pma_10005159, P_fucata|Pma_10016044	
N6.HOG0000074	OG0000017	n59			C_virginica|XP_022339402.1				P_fucata|Pma_10016367	
N6.HOG0000075	OG0000017	n60			C_virginica|XP_022339405.1				P_fucata|Pma_10023166	
N6.HOG0000076	OG0000018	n3			C_virginica|XP_022333877.1				P_fucata|Pma_10016081	
N6.HOG0000077	OG0000018	n4			C_virginica|XP_022300455.1				P_fucata|Pma_10000702, P_fucata|Pma_10001184, P_fucata|Pma_10002367, P_fucata|Pma_10002677, P_fucata|Pma_10004474, P_fucata|Pma_10004726, P_fucata|Pma_10005768, P_fucata|Pma_10006138, P_fucata|Pma_10006295, P_fucata|Pma_10006442, P_fucata|Pma_10007024, P_fucata|Pma_10007429, P_fucata|Pma_10008755, P_fucata|Pma_10009009, P_fucata|Pma_10010284, P_fucata|Pma_10010736, P_fucata|Pma_10011065, P_fucata|Pma_10011110, P_fucata|Pma_10011394, P_fucata|Pma_10012443, P_fucata|Pma_10013403, P_fucata|Pma_10013450, P_fucata|Pma_10013452, P_fucata|Pma_10013560, P_fucata|Pma_10013561, P_fucata|Pma_10013599, P_fucata|Pma_10014320, P_fucata|Pma_10016439, P_fucata|Pma_10016667, P_fucata|Pma_10018175, P_fucata|Pma_10019583, P_fucata|Pma_10020252, P_fucata|Pma_10020542, P_fucata|Pma_10020684, P_fucata|Pma_10021692, P_fucata|Pma_10021806, P_fucata|Pma_10021855, P_fucata|Pma_10022327, P_fucata|Pma_10022476, P_fucata|Pma_10022590, P_fucata|Pma_10023184, P_fucata|Pma_10023239, P_fucata|Pma_10023292, P_fucata|Pma_10023372, P_fucata|Pma_10023966, P_fucata|Pma_10024686, P_fucata|Pma_10025744, P_fucata|Pma_10026409, P_fucata|Pma_10026948, P_fucata|Pma_10027321, P_fucata|Pma_10028434, P_fucata|Pma_10029440, P_fucata|Pma_10030542, P_fucata|Pma_10030764, P_fucata|Pma_10030882, P_fucata|Pma_10031645	
N6.HOG0000078	OG0000019	n3			C_virginica|XP_022338983.1					
N6.HOG0000079	OG0000019	n8			C_virginica|XP_022291061.1				P_fucata|Pma_10019755	
N6.HOG0000080	OG0000019	n11			C_virginica|XP_022314994.1				P_fucata|Pma_10027659	
N6.HOG0000081	OG0000019	n19			C_virginica|XP_022337519.1				P_fucata|Pma_10025141	
N6.HOG0000082	OG0000019	n30			C_virginica|XP_022313091.1, C_virginica|XP_022313389.1				P_fucata|Pma_10004783, P_fucata|Pma_10004784	
N6.HOG0000083	OG0000019	n37			C_virginica|XP_022312847.1, C_virginica|XP_022312947.1				P_fucata|Pma_10004192	
N6.HOG0000084	OG0000019	n42							P_fucata|Pma_10020247	
N6.HOG0000085	OG0000019	n48			C_virginica|XP_022302633.1				P_fucata|Pma_10013841, P_fucata|Pma_10023026	
N6.HOG0000086	OG0000019	n53			C_virginica|XP_022313153.1				P_fucata|Pma_10003080	
N6.HOG0000087	OG0000020	n9			C_virginica|XP_022331975.1, C_virginica|XP_022331976.1					
N6.HOG0000088	OG0000020	n19							P_fucata|Pma_10019387, P_fucata|Pma_10020902	
N6.HOG0000089	OG0000020	n37							P_fucata|Pma_10001746, P_fucata|Pma_10026027	
N6.HOG0000090	OG0000021	n5							P_fucata|Pma_10004553, P_fucata|Pma_10007653, P_fucata|Pma_10021273, P_fucata|Pma_154.293, P_fucata|Pma_324.215, P_fucata|Pma_541.364	
N6.HOG0000091	OG0000021	n11			C_virginica|XP_022291094.1, C_virginica|XP_022291640.1, C_virginica|XP_022308078.1, C_virginica|XP_022319163.1, C_virginica|XP_022320337.1, C_virginica|XP_022330434.1, C_virginica|XP_022342549.1				P_fucata|Pma_10018494, P_fucata|Pma_10018803, P_fucata|Pma_10025973, P_fucata|Pma_10031676, P_fucata|Pma_312.314, P_fucata|Pma_388.228	
N6.HOG0000092	OG0000021	n24			C_virginica|XP_022293003.1, C_virginica|XP_022304791.1, C_virginica|XP_022317583.1				P_fucata|Pma_10001900, P_fucata|Pma_10004526, P_fucata|Pma_10011278, P_fucata|Pma_220.644, P_fucata|Pma_285.110, P_fucata|Pma_330.410, P_fucata|Pma_520.689, P_fucata|Pma_563.627	
N6.HOG0000093	OG0000021	n34							P_fucata|Pma_10000128, P_fucata|Pma_211.729, P_fucata|Pma_291.611	
N6.HOG0000094	OG0000023	n0			C_virginica|XP_022322019.1				P_fucata|Pma_10014854	
N6.HOG0000095	OG0000024	n0			C_virginica|XP_022319000.1				P_fucata|Pma_10012487	
N6.HOG0000096	OG0000025	n0			C_virginica|XP_022316668.1				P_fucata|Pma_10016699	
N6.HOG0000097	OG0000026	n0			C_virginica|XP_022344839.1				P_fucata|Pma_10004014	
N6.HOG0000098	OG0000027	n0			C_virginica|XP_022341852.1				P_fucata|Pma_10008115	
N6.HOG0000099	OG0000028	n0			C_virginica|XP_022321873.1				P_fucata|Pma_10025415	
N6.HOG0000100	OG0000029	n0			C_virginica|XP_022344457.1				P_fucata|Pma_10031590	
N6.HOG0000101	OG0000030	n0			C_virginica|XP_022308357.1				P_fucata|Pma_10019276	
N6.HOG0000102	OG0000031	n0			C_virginica|XP_022328400.1				P_fucata|Pma_10004601	
N6.HOG0000103	OG0000032	n0			C_virginica|XP_022338696.1				P_fucata|Pma_10001679	
N6.HOG0000104	OG0000033	n0			C_virginica|XP_022343803.1				P_fucata|Pma_10026789	
N6.HOG0000105	OG0000034	n0			C_virginica|XP_022343845.1				P_fucata|Pma_10032131	
N6.HOG0000106	OG0000035	n0			C_virginica|XP_022313863.1				P_fucata|Pma_10016128	
N6.HOG0000107	OG0000036	n0			C_virginica|XP_022314684.1				P_fucata|Pma_10028537	
N6.HOG0000108	OG0000037	n0			C_virginica|XP_022316489.1				P_fucata|Pma_10007898	
N6.HOG0000109	OG0000038	n0			C_virginica|XP_022314870.1				P_fucata|Pma_225.222	
N6.HOG0000110	OG0000039	n0			C_virginica|XP_022309414.1				P_fucata|Pma_10017118	
N6.HOG0000111	OG0000040	n0			C_virginica|XP_022332522.1				P_fucata|Pma_10009782	
N6.HOG0000112	OG0000041	n0			C_virginica|XP_022301526.1				P_fucata|Pma_10020132	
N6.HOG0000113	OG0000042	n0			C_virginica|XP_022300046.1				P_fucata|Pma_10002130	
N6.HOG0000114	OG0000043	n0			C_virginica|XP_022322855.1				P_fucata|Pma_10008006	
N6.HOG0000115	OG0000044	n0			C_virginica|XP_022334366.1				P_fucata|Pma_10030088	
N6.HOG0000116	OG0000045	n0			C_virginica|XP_022317065.1				P_fucata|Pma_10002234	
N6.HOG0000117	OG0000046	n0			C_virginica|XP_022325540.1				P_fucata|Pma_10027324	
N6.HOG0000118	OG0000047	n0			C_virginica|XP_022333984.1				P_fucata|Pma_10023216	
N6.HOG0000119	OG0000048	n0			C_virginica|XP_022330767.1				P_fucata|Pma_10003678	
N6.HOG0000120	OG0000049	n0			C_virginica|XP_022333004.1				P_fucata|Pma_10020653	
N6.HOG0000121	OG0000050	n0			C_virginica|XP_022340056.1				P_fucata|Pma_10006139	
N6.HOG0000122	OG0000051	n0			C_virginica|XP_022343998.1				P_fucata|Pma_10021729	
N6.HOG0000123	OG0000052	n0			C_virginica|XP_022345957.1				P_fucata|Pma_10014024	
N6.HOG0000124	OG0000053	n0			C_virginica|XP_022286161.1				P_fucata|Pma_10029871	
N6.HOG0000125	OG0000054	n0			C_virginica|XP_022343743.1				P_fucata|Pma_10029064	
N6.HOG0000126	OG0000055	n0			C_virginica|XP_022345421.1				P_fucata|Pma_10017450	
N6.HOG0000127	OG0000056	n0			C_virginica|XP_022329200.1				P_fucata|Pma_10015971	
N6.HOG0000128	OG0000057	n0			C_virginica|XP_022288607.1				P_fucata|Pma_10013840	
N6.HOG0000129	OG0000058	n0			C_virginica|XP_022317557.1				P_fucata|Pma_10014039	
N6.HOG0000130	OG0000059	n0			C_virginica|XP_022295132.1				P_fucata|Pma_10022791	
N6.HOG0000131	OG0000060	n0			C_virginica|XP_022316787.1				P_fucata|Pma_10022841	
N6.HOG0000132	OG0000061	n0			C_virginica|XP_022296668.1				P_fucata|Pma_10032223	
N6.HOG0000133	OG0000062	n0			C_virginica|XP_022298945.1				P_fucata|Pma_10006927	
N6.HOG0000134	OG0000063	n0			C_virginica|XP_022313813.1				P_fucata|Pma_10026025	
N6.HOG0000135	OG0000064	n0			C_virginica|XP_022320821.1				P_fucata|Pma_10001281	
N6.HOG0000136	OG0000065	n0			C_virginica|XP_022340992.1				P_fucata|Pma_10008428	
N6.HOG0000137	OG0000066	n0			C_virginica|XP_022332899.1				P_fucata|Pma_10031684	
N6.HOG0000138	OG0000067	n0			C_virginica|XP_022321982.1				P_fucata|Pma_10022889	
N6.HOG0000139	OG0000068	n0			C_virginica|XP_022341053.1				P_fucata|Pma_10017451	
N6.HOG0000140	OG0000069	n0			C_virginica|XP_022322535.1				P_fucata|Pma_10015959	
N6.HOG0000141	OG0000070	n0			C_virginica|XP_022333852.1				P_fucata|Pma_10013995	
N6.HOG0000142	OG0000071	-			C_virginica|XP_022343574.1, C_virginica|XP_022334317.1				P_fucata|Pma_10031795	
