Orthogroup	S_constricta_2	A_granulata_2
OG0000000	S_constricta|evm.model.ctg599.11, S_constricta|evm.model.ctg125.4, S_constricta|evm.model.ctg227.23	A_granulata|model.g24978.t1_1
OG0000003	S_constricta|evm.model.ctg805.3	A_granulata|model.g26226.t1_1
OG0000003	S_constricta|evm.model.ctg377.32_evm.model.ctg377.31, S_constricta|evm.model.ctg377.30, S_constricta|evm.model.ctg1004.8, S_constricta|evm.model.ctg2331.1, S_constricta|evm.model.ctg55.55, S_constricta|evm.model.ctg2331.2, S_constricta|evm.model.ctg2230.1, S_constricta|evm.model.ctg101.5, S_constricta|evm.model.ctg416.3	A_granulata|model.g24679.t1_1
OG0000003	S_constricta|evm.model.ctg88.8	A_granulata|model.g21540.t1_1
OG0000003	S_constricta|evm.model.ctg642.12, S_constricta|evm.model.ctg401.21, S_constricta|evm.model.ctg859.5, S_constricta|evm.model.ctg1045.8	A_granulata|model.g12389.t1.1.5d3b8706_1
OG0000003	S_constricta|evm.model.ctg370.15, S_constricta|evm.model.ctg370.16.1, S_constricta|evm.model.ctg370.17.1, S_constricta|evm.model.ctg52.31, S_constricta|evm.model.ctg791.11, S_constricta|evm.model.ctg1599.1, S_constricta|evm.model.ctg791.12, S_constricta|evm.model.ctg3910.2, S_constricta|evm.model.ctg46.3, S_constricta|evm.model.ctg140.28, S_constricta|evm.model.ctg140.29, S_constricta|evm.model.ctg2046.12, S_constricta|evm.model.ctg5546.1, S_constricta|evm.model.ctg2046.11, S_constricta|evm.model.ctg2046.13, S_constricta|evm.model.ctg1840.1, S_constricta|evm.model.ctg140.26, S_constricta|evm.model.ctg2046.10, S_constricta|evm.model.ctg1771.1, S_constricta|evm.model.ctg1977.1, S_constricta|evm.model.ctg1708.1, S_constricta|evm.model.ctg1755.1, S_constricta|evm.model.ctg125.83, S_constricta|evm.model.ctg142.51.1, S_constricta|evm.model.ctg4263.1, S_constricta|evm.model.ctg1804.2	A_granulata|model.g24762.t1_1
OG0000007	S_constricta|evm.model.ctg436.5	A_granulata|model.g6273.t1_1, A_granulata|model.g6272.t1_1
OG0000007	S_constricta|evm.model.ctg412.18	A_granulata|evm.model.Super-Scaffold_100004.707_1
OG0000007	S_constricta|evm.model.ctg380.19	A_granulata|evm.model.Super-Scaffold_100004.411_1
OG0000007	S_constricta|evm.model.ctg2181.2	A_granulata|evm.model.Super-Scaffold_100004.301_1
OG0000007	S_constricta|evm.model.ctg412.15	A_granulata|model.g6264.t1_model.g6265.t1_1
OG0000007	S_constricta|evm.model.ctg436.7	A_granulata|model.g6275.t1_1
OG0000007	S_constricta|evm.model.ctg306.3	A_granulata|model.g13936.t1_1
OG0000007	S_constricta|evm.model.ctg306.4	A_granulata|model.g13938.t1_1
OG0000007	S_constricta|evm.model.ctg562.15	A_granulata|evm.model.Super-Scaffold_100006.1323_1
OG0000007	S_constricta|evm.model.ctg436.4	A_granulata|model.g6274.t1_1
OG0000009	S_constricta|evm.model.ctg76.11	A_granulata|evm.model.Super-Scaffold_100004.157_1
OG0000009	S_constricta|evm.model.ctg138.15, S_constricta|evm.model.ctg885.2	A_granulata|evm.model.Super-Scaffold_100013.618_1
OG0000009	S_constricta|evm.model.ctg6778.1	A_granulata|evm.model.Super-Scaffold_100002.833_1, A_granulata|evm.model.Super-Scaffold_100013.583_1
OG0000009	S_constricta|evm.model.ctg923.6	A_granulata|evm.model.Super-Scaffold_505.1121_1, A_granulata|evm.model.Super-Scaffold_100006.676_1, A_granulata|evm.model.Super-Scaffold_505.1606_1
OG0000009	S_constricta|evm.model.ctg1144.9	A_granulata|model.g14108.t1_1
OG0000011	S_constricta|evm.model.ctg366.24	A_granulata|model.g14860.t1_1
OG0000015	S_constricta|evm.model.ctg6408.1, S_constricta|evm.model.ctg109.15	A_granulata|evm.model.Super-Scaffold_100057.39_1, A_granulata|model.g20494.t1_1
OG0000015	S_constricta|evm.model.ctg528.30	A_granulata|evm.model.Super-Scaffold_100002.249_1
OG0000016	S_constricta|evm.model.ctg599.25, S_constricta|evm.model.ctg769.1, S_constricta|evm.model.ctg942.2, S_constricta|evm.model.ctg658.15, S_constricta|evm.model.ctg658.14	A_granulata|evm.model.Super-Scaffold_100003.698_1
OG0000016	S_constricta|evm.model.ctg496.5, S_constricta|evm.model.ctg6.81, S_constricta|evm.model.ctg174.7	A_granulata|evm.model.Super-Scaffold_100019.314_1, A_granulata|model.g20194.t1_1, A_granulata|evm.model.Super-Scaffold_100016.112_1, A_granulata|model.g19855.t1_1, A_granulata|evm.model.Super-Scaffold_505.1528_1, A_granulata|model.g26165.t1_1, A_granulata|evm.model.Super-Scaffold_100005.476_1, A_granulata|evm.model.Super-Scaffold_100037.2_1, A_granulata|model.g8906.t1_1
OG0000019	S_constricta|evm.model.ctg9.1, S_constricta|evm.model.ctg128.7	A_granulata|model.g7414.t1_1
OG0000019	S_constricta|evm.model.ctg859.12	A_granulata|model.g14035.t1_1
OG0000019	S_constricta|evm.model.ctg139.17	A_granulata|model.g11695.t1_1
OG0000019	S_constricta|evm.model.ctg510.19	A_granulata|model.g7451.t1_1
OG0000019	S_constricta|evm.model.ctg84.12	A_granulata|model.g11738.t1.5.5d3b86a4_1
OG0000019	S_constricta|evm.model.ctg131.23, S_constricta|evm.model.ctg131.22	A_granulata|model.g8205.t1_1
OG0000020	S_constricta|evm.model.ctg636.4_evm.model.ctg636.5	A_granulata|model.g29636.t1_1, A_granulata|evm.model.Super-Scaffold_100008.138_1, A_granulata|evm.model.Super-Scaffold_505.2085_1, A_granulata|model.g28815.t1_1, A_granulata|model.g12858.t1_1, A_granulata|model.g31254.t1.2.5d3b8d4b_1, A_granulata|model.g28987.t1_1, A_granulata|model.g30887.t1_1, A_granulata|evm.model.Super-Scaffold_505.316_1
OG0000021	S_constricta|evm.model.ctg1671.1, S_constricta|evm.model.ctg3068.1	A_granulata|model.g31071.t1_1, A_granulata|evm.model.Super-Scaffold_100012.51_1
OG0000023	S_constricta|evm.model.ctg238.53	A_granulata|evm.model.Super-Scaffold_100002.117_1
OG0000024	S_constricta|evm.model.ctg14.39	A_granulata|evm.model.Super-Scaffold_100005.884_1
OG0000025	S_constricta|evm.model.ctg97.43	A_granulata|evm.model.Super-Scaffold_100008.679_1
OG0000026	S_constricta|evm.model.ctg1004.16	A_granulata|evm.model.Super-Scaffold_100010.607_1
OG0000027	S_constricta|evm.model.ctg660.7	A_granulata|evm.model.Super-Scaffold_100013.373_1
OG0000028	S_constricta|evm.model.ctg930.2	A_granulata|evm.model.Super-Scaffold_100025.188_1
OG0000029	S_constricta|evm.model.ctg492.4	A_granulata|model.g2134.t1_1
OG0000030	S_constricta|evm.model.ctg40.49	A_granulata|model.g1298.t1_1
OG0000031	S_constricta|evm.model.ctg142.10	A_granulata|model.g100.t1_1
OG0000032	S_constricta|evm.model.ctg145.40	A_granulata|model.g501.t1_1
OG0000033	S_constricta|evm.model.ctg647.9	A_granulata|model.g1883.t1_1
OG0000034	S_constricta|evm.model.ctg613.8	A_granulata|model.g1662.t1_1
OG0000035	S_constricta|evm.model.ctg392.9	A_granulata|model.g3215.t1_1
OG0000036	S_constricta|evm.model.ctg96.20	A_granulata|model.g3997.t1_1
OG0000037	S_constricta|evm.model.ctg533.29	A_granulata|model.g4135.t1_1
OG0000038	S_constricta|evm.model.ctg1402.5	A_granulata|model.g3909.t1_1
OG0000039	S_constricta|evm.model.ctg271.100	A_granulata|model.g5912.t1_1
OG0000040	S_constricta|evm.model.ctg76.36	A_granulata|model.g6072.t1_1
OG0000041	S_constricta|evm.model.ctg64.47	A_granulata|model.g8800.t1_1
OG0000042	S_constricta|evm.model.ctg154.29	A_granulata|model.g8671.t1_1
OG0000043	S_constricta|evm.model.ctg491.9	A_granulata|model.g9992.t1_1
OG0000044	S_constricta|evm.model.ctg340.12	A_granulata|model.g9597.t1_1
OG0000045	S_constricta|evm.model.ctg968.2	A_granulata|model.g11944.t1_1
OG0000046	S_constricta|evm.model.ctg667.12	A_granulata|model.g13152.t1_1
OG0000047	S_constricta|evm.model.ctg1.21	A_granulata|model.g15250.t1_1
OG0000048	S_constricta|evm.model.ctg1.125_evm.model.ctg1.126	A_granulata|model.g15596.t1_1
OG0000049	S_constricta|evm.model.ctg388.17	A_granulata|model.g17957.t1_1
OG0000050	S_constricta|evm.model.ctg51.64	A_granulata|model.g30402.t1_1
OG0000051	S_constricta|evm.model.ctg185.15	A_granulata|model.g29359.t1_1
OG0000052	S_constricta|evm.model.ctg101.83	A_granulata|model.g28777.t1_1
OG0000053	S_constricta|evm.model.ctg1651.2	A_granulata|model.g29911.t1_1
OG0000054	S_constricta|evm.model.ctg775.15	A_granulata|model.g1284.t1.1.5d3b82d5_1
OG0000055	S_constricta|evm.model.ctg1149.7	A_granulata|model.g2097.t1_1
OG0000056	S_constricta|evm.model.ctg1239.1	A_granulata|model.g89.t1.1.5d3b81fd_1
OG0000057	S_constricta|evm.model.ctg138.11	A_granulata|model.g763.t1_model.g765.t1_1
OG0000058	S_constricta|evm.model.ctg96.49	A_granulata|model.g4291.t1_1
OG0000059	S_constricta|evm.model.ctg639.2	A_granulata|model.g6491.t1.1.5d3b8503_1
OG0000060	S_constricta|evm.model.ctg74.29	A_granulata|model.g7388.t1_1
OG0000061	S_constricta|evm.model.ctg210.6	A_granulata|model.g7604.t1.1.5d3b84b3_1
OG0000062	S_constricta|evm.model.ctg230.1	A_granulata|model.g8718.t1.1.5d3b85ae_1
OG0000063	S_constricta|evm.model.ctg131.13	A_granulata|model.g7299.t1_1
OG0000064	S_constricta|evm.model.ctg1020.4	A_granulata|model.g13274.t1_1
OG0000065	S_constricta|evm.model.ctg502.6	A_granulata|model.g17523.t1_1
OG0000066	S_constricta|evm.model.ctg442.45	A_granulata|model.g17660.t1_1
OG0000067	S_constricta|evm.model.ctg249.21	A_granulata|model.g20823.t1_1
OG0000068	S_constricta|evm.model.ctg1547.1	A_granulata|model.g29179.t1_1
OG0000069	S_constricta|evm.model.ctg381.13	A_granulata|model.g31682.t1_1
OG0000070	S_constricta|evm.model.ctg367.23	A_granulata|model.g32000.t1_1
